Update,Episode,Step,dy,dx,vy,thrust,pitch,reward
0,0,0,11.75,3.52,-0.20,0.11,-0.54,-0.011
0,0,1,11.74,3.52,-0.39,0.14,-0.52,-0.011
0,0,2,11.73,3.52,-0.58,0.18,-0.76,-0.011
0,0,3,11.71,3.52,-0.76,0.02,-0.51,-0.011
0,0,4,11.69,3.52,-0.96,0.09,-0.86,-0.011
0,0,5,11.67,3.52,-1.15,0.07,-0.23,-0.011
0,0,6,11.64,3.52,-1.34,0.23,-0.51,-0.011
0,0,7,11.61,3.52,-1.53,0.08,-0.37,-0.011
0,0,8,11.58,3.52,-1.72,0.12,-0.37,-0.012
0,0,9,11.54,3.52,-1.91,0.05,-0.49,-0.012
0,0,10,11.50,3.52,-2.10,0.04,-0.36,-0.012
0,0,11,11.45,3.52,-2.30,0.25,-0.50,-0.012
0,0,12,11.40,3.52,-2.48,0.09,-0.00,-0.012
0,0,13,11.35,3.52,-2.67,0.12,-0.24,-0.012
0,0,14,11.29,3.52,-2.86,0.07,-0.51,-0.012
0,0,15,11.23,3.52,-3.06,0.35,-0.52,-0.012
0,0,16,11.17,3.52,-3.23,0.05,-0.45,-0.012
0,0,17,11.10,3.52,-3.43,0.13,-0.68,-0.012
0,0,18,11.03,3.52,-3.62,0.17,-0.48,-0.012
0,0,19,10.95,3.52,-3.81,0.11,-0.78,-0.012
0,0,20,10.87,3.52,-4.00,0.13,-0.52,-0.012
0,0,21,10.79,3.52,-4.19,0.05,-0.34,-0.013
0,0,22,10.70,3.52,-4.38,0.02,-0.22,-0.013
0,0,23,10.61,3.52,-4.57,0.13,-0.41,-0.013
0,0,24,10.51,3.52,-4.76,0.12,-0.76,-0.013
0,0,25,10.41,3.52,-4.95,0.17,-0.41,-0.013
0,0,26,10.31,3.52,-5.14,0.12,-0.40,-0.013
0,0,27,10.20,3.52,-5.33,0.17,-0.11,-0.013
0,0,28,10.09,3.52,-5.52,0.15,0.18,-0.013
0,0,29,9.98,3.52,-5.71,0.23,-0.70,-0.013
0,0,30,9.86,3.52,-5.89,0.12,-0.36,-0.013
0,0,31,9.74,3.52,-6.08,0.12,-0.54,-0.014
0,0,32,9.61,3.52,-6.27,0.10,-0.28,-0.014
0,0,33,9.48,3.52,-6.46,0.04,-0.48,-0.014
0,0,34,9.35,3.52,-6.66,0.28,-0.53,-0.014
0,0,35,9.21,3.52,-6.84,0.12,-0.34,-0.014
0,0,36,9.07,3.52,-7.03,0.08,-0.43,-0.014
0,0,37,8.93,3.52,-7.22,0.15,-0.54,-0.014
0,0,38,8.78,3.52,-7.41,0.17,-0.35,-0.014
0,0,39,8.63,3.52,-7.60,0.25,0.30,-0.015
0,0,40,8.47,3.52,-7.78,0.14,-0.00,-0.015
0,0,41,8.31,3.52,-7.97,0.08,-0.44,-0.015
0,0,42,8.15,3.52,-8.17,0.09,0.27,-0.015
0,0,43,7.98,3.52,-8.36,0.08,-0.10,-0.015
0,0,44,7.81,3.52,-8.55,0.36,-0.22,-0.015
0,0,45,7.64,3.52,-8.73,0.19,-0.04,-0.016
0,0,46,7.46,3.52,-8.92,0.18,-0.66,-0.016
0,0,47,7.28,3.52,-9.10,0.38,-0.31,-0.016
0,0,48,7.09,3.52,-9.28,0.26,-0.10,-0.016
0,0,49,6.90,3.52,-9.46,0.34,-0.58,-0.017
0,0,50,6.71,3.52,-9.64,0.08,-0.48,-0.017
0,0,51,6.51,3.52,-9.84,0.19,0.22,-0.017
0,0,52,6.31,3.52,-10.02,0.28,-0.11,-0.017
0,0,53,6.11,3.52,-10.20,0.31,0.35,-0.018
0,0,54,5.90,3.52,-10.38,0.40,-0.18,-0.018
0,0,55,5.69,3.52,-10.56,0.33,0.07,-0.018
0,0,56,5.47,3.52,-10.74,0.35,-0.18,-0.019
0,0,57,5.25,3.52,-10.92,0.11,0.32,-0.019
0,0,58,5.03,3.52,-11.11,0.17,-0.06,-0.020
0,0,59,4.80,3.52,-11.30,0.13,0.39,-0.020
0,0,60,4.57,3.52,-11.49,0.25,-0.09,-0.021
0,0,61,4.34,3.52,-11.67,0.25,-0.24,-0.022
0,0,62,4.10,3.52,-11.86,0.41,0.54,-0.022
0,0,63,3.86,3.52,-12.03,0.17,0.05,-0.023
0,0,64,3.62,3.52,-12.22,0.26,-0.31,-0.010
0,0,65,3.56,3.52,0.10,0.29,-0.47,-0.010
0,0,66,3.56,3.52,0.00,0.36,0.22,-0.010
0,0,67,3.56,3.52,0.01,0.26,-0.42,-0.010
0,0,68,3.56,3.52,0.01,0.06,-0.78,-0.010
0,0,69,3.56,3.52,-0.00,0.32,-0.56,-0.010
0,0,70,3.56,3.52,-0.01,0.32,-0.36,-0.010
0,0,71,3.56,3.52,-0.02,0.28,-0.39,-0.010
0,0,72,3.56,3.52,-0.03,0.30,-0.45,-0.010
0,0,73,3.56,3.52,-0.04,0.44,0.26,-0.010
0,0,74,3.56,3.52,-0.04,0.50,-0.22,-0.010
0,0,75,3.56,3.52,-0.05,0.35,-0.24,-0.011
0,0,76,3.56,3.52,-0.06,0.45,-0.77,-0.011
0,0,77,3.55,3.52,-0.07,0.29,-0.66,-0.011
0,0,78,3.55,3.51,-0.08,0.23,-0.40,-0.011
0,0,79,3.55,3.51,-0.09,0.11,0.13,-0.011
0,0,80,3.55,3.51,-0.11,0.22,-0.23,-0.011
0,0,81,3.55,3.51,-0.12,0.40,0.35,-0.011
0,0,82,3.54,3.51,-0.13,0.14,0.42,-0.011
0,0,83,3.54,3.50,-0.15,0.25,-0.88,-0.012
0,0,84,3.54,3.50,-0.16,0.29,-0.84,-0.012
0,0,85,3.53,3.50,-0.17,0.26,-0.05,-0.012
0,0,86,3.53,3.50,-0.19,0.14,-0.24,-0.012
0,0,87,3.53,3.49,-0.20,0.32,-0.75,-0.012
0,0,88,3.52,3.49,-0.22,0.34,-0.66,-0.012
0,0,89,3.52,3.49,-0.23,0.37,0.26,-0.012
0,0,90,3.51,3.48,-0.25,0.36,-0.31,-0.013
0,0,91,3.51,3.48,-0.27,0.34,-0.16,-0.013
0,0,92,3.50,3.47,-0.28,0.26,-0.20,-0.013
0,0,93,3.50,3.47,-0.30,0.17,-0.82,-0.013
0,0,94,3.49,3.46,-0.32,0.35,-0.74,-0.013
0,0,95,3.48,3.46,-0.34,0.11,-0.83,-0.014
0,0,96,3.48,3.46,-0.37,0.44,0.31,-0.014
0,0,97,3.47,3.45,-0.39,0.23,-0.74,-0.014
0,0,98,3.46,3.44,-0.39,0.24,-0.79,-0.014
0,0,99,3.45,3.44,-0.41,0.14,-0.67,-0.014
0,0,100,3.44,3.44,-0.43,0.23,0.03,-0.015
0,0,101,3.44,3.43,-0.46,0.22,-0.70,-0.015
0,0,102,3.43,3.43,-0.49,0.19,-0.23,-0.015
0,0,103,3.42,3.42,-0.52,0.52,-0.44,-0.015
0,0,104,3.40,3.42,-0.55,0.27,-0.76,-0.015
0,0,105,3.39,3.41,-0.59,0.15,-0.63,-0.016
0,0,106,3.38,3.41,-0.63,0.17,-0.51,-0.016
0,0,107,3.37,3.41,-0.45,0.24,-0.59,-0.015
0,0,108,3.37,3.41,-0.14,0.43,0.09,-0.015
0,0,109,3.37,3.42,0.27,0.29,-0.13,-0.014
0,0,110,3.38,3.42,0.46,0.34,-0.18,-0.014
0,0,111,3.39,3.43,0.45,0.49,-0.51,-0.014
0,0,112,3.40,3.43,0.41,0.21,-0.83,-0.014
0,0,113,3.41,3.43,0.37,0.09,-0.30,-0.014
0,0,114,3.41,3.44,0.36,0.37,-0.60,-0.014
0,0,115,3.42,3.44,0.35,0.39,-0.73,-0.014
0,0,116,3.43,3.45,0.32,0.29,-0.15,-0.014
0,0,117,3.43,3.45,0.29,0.44,-0.52,-0.014
0,0,118,3.44,3.46,0.27,0.54,-0.44,-0.014
0,0,119,3.44,3.46,0.25,0.35,-0.46,-0.013
0,0,120,3.45,3.47,0.22,0.11,-0.12,-0.013
0,0,121,3.45,3.47,0.20,0.13,-0.52,-0.013
0,0,122,3.45,3.47,0.18,0.33,-0.34,-0.013
0,0,123,3.46,3.48,0.16,0.30,-0.24,-0.013
0,0,124,3.46,3.48,0.14,0.47,-0.58,-0.013
0,0,125,3.46,3.48,0.12,0.12,-0.38,-0.013
0,0,126,3.46,3.49,0.09,0.41,0.11,-0.013
0,0,127,3.46,3.49,0.08,0.34,-0.45,-0.013
0,0,128,3.47,3.49,0.06,0.16,-0.52,-0.012
0,0,129,3.47,3.49,0.04,0.22,-0.18,-0.012
0,0,130,3.47,3.49,0.02,0.28,-0.66,-0.012
0,0,131,3.47,3.50,-0.00,0.52,-0.43,-0.012
0,0,132,3.47,3.50,-0.00,0.41,-0.52,-0.012
0,0,133,3.47,3.50,-0.04,0.46,-0.56,-0.013
0,0,134,3.46,3.50,-0.05,0.34,-0.56,-0.013
0,0,135,3.46,3.50,-0.07,0.05,-0.64,-0.013
0,0,136,3.46,3.50,-0.09,0.22,-0.35,-0.013
0,0,137,3.46,3.50,-0.11,0.17,-0.60,-0.013
0,0,138,3.46,3.50,-0.13,0.34,-0.67,-0.013
0,0,139,3.45,3.50,-0.15,0.13,0.19,-0.013
0,0,140,3.45,3.50,-0.18,0.20,-0.69,-0.014
0,0,141,3.45,3.50,-0.20,0.11,-0.13,-0.014
0,0,142,3.44,3.50,-0.22,0.22,-0.69,-0.014
0,0,143,3.44,3.50,-0.25,0.10,-0.15,-0.014
0,0,144,3.43,3.50,-0.27,0.34,-0.07,-0.014
0,0,145,3.43,3.50,-0.30,0.16,-0.10,-0.014
0,0,146,3.42,3.50,-0.32,0.14,-0.41,-0.014
0,0,147,3.41,3.50,-0.35,0.12,-0.75,-0.015
0,0,148,3.40,3.49,-0.38,0.09,-0.20,-0.015
0,0,149,3.40,3.49,-0.41,0.24,-0.51,-0.015
0,0,150,3.39,3.49,-0.44,0.26,-0.30,-0.015
0,0,151,3.38,3.49,-0.48,0.21,-0.44,-0.015
0,0,152,3.37,3.49,-0.45,0.38,-0.66,-0.015
0,0,153,3.36,3.48,-0.12,0.30,-0.51,-0.014
0,0,154,3.36,3.47,0.40,0.23,-0.38,-0.014
0,0,155,3.37,3.47,0.42,0.19,-0.64,-0.014
0,0,156,3.38,3.46,0.40,0.51,-0.70,-0.013
0,0,157,3.39,3.45,0.41,0.20,0.12,-0.013
0,0,158,3.39,3.45,0.38,0.23,-0.29,-0.013
0,0,159,3.40,3.44,0.35,0.22,-0.54,-0.013
0,0,160,3.41,3.43,0.32,0.18,-0.18,-0.013
0,0,161,3.41,3.43,0.29,0.52,0.27,-0.012
0,0,162,3.42,3.42,0.27,0.08,-0.72,-0.012
0,0,163,3.42,3.41,0.24,0.07,-0.48,-0.012
0,0,164,3.43,3.41,0.22,0.21,-0.41,-0.012
0,0,165,3.43,3.40,0.20,0.13,-0.50,-0.012
0,0,166,3.43,3.40,0.17,0.05,-0.39,-0.011
0,0,167,3.44,3.39,0.15,0.16,-0.66,-0.011
0,0,168,3.44,3.39,0.13,0.40,-0.68,-0.011
0,0,169,3.44,3.38,0.11,0.18,-0.50,-0.011
0,0,170,3.44,3.38,0.08,0.11,-0.41,-0.011
0,0,171,3.45,3.37,0.06,0.17,-0.17,-0.011
0,0,172,3.45,3.37,0.04,0.39,-0.26,-0.011
0,0,173,3.45,3.36,0.03,0.10,0.11,-0.010
0,0,174,3.45,3.36,0.01,0.14,-0.79,-0.010
0,0,175,3.45,3.35,-0.01,0.18,-0.55,-0.011
0,0,176,3.45,3.35,-0.03,0.19,-0.64,-0.011
0,0,177,3.44,3.34,-0.06,0.42,-0.06,-0.011
0,0,178,3.44,3.34,-0.08,0.39,-0.49,-0.011
0,0,179,3.44,3.34,-0.10,0.11,-0.82,-0.011
0,0,180,3.44,3.33,-0.12,0.15,-0.66,-0.011
0,0,181,3.44,3.33,-0.14,0.26,0.01,-0.011
0,0,182,3.43,3.32,-0.16,0.26,-0.28,-0.011
0,0,183,3.43,3.32,-0.18,0.50,-0.27,-0.012
0,0,184,3.42,3.32,-0.20,0.17,-0.53,-0.012
0,0,185,3.42,3.31,-0.22,0.15,-0.35,-0.012
0,0,186,3.42,3.31,-0.20,0.15,-0.71,-0.012
0,0,187,3.41,3.31,-0.08,0.40,-0.61,-0.012
0,0,188,3.41,3.31,-0.07,0.05,-0.71,-0.012
0,0,189,3.41,3.32,-0.09,0.05,-0.45,-0.012
0,0,190,3.41,3.32,-0.12,0.17,-0.62,-0.012
0,0,191,3.41,3.33,-0.15,0.21,-0.64,-0.012
0,0,192,3.40,3.33,-0.17,0.29,-0.09,-0.013
0,0,193,3.40,3.34,-0.20,0.17,-0.65,-0.013
0,0,194,3.39,3.35,-0.23,0.28,-0.50,-0.013
0,0,195,3.39,3.36,-0.26,0.25,-0.30,-0.013
0,0,196,3.38,3.37,-0.28,0.27,-0.14,-0.013
0,0,197,3.38,3.38,-0.25,0.18,-0.70,-0.014
0,0,198,3.37,3.40,-0.26,0.23,-0.77,-0.013
0,0,199,3.37,3.41,-0.12,0.19,-0.47,-0.013
0,0,200,3.37,3.43,0.05,0.38,0.31,-0.013
0,0,201,3.37,3.44,0.14,0.25,-0.67,-0.013
0,0,202,3.38,3.46,0.14,0.27,-0.19,-0.013
0,0,203,3.38,3.47,0.10,0.36,-0.30,-0.013
0,0,204,3.38,3.49,0.10,0.49,-0.49,-0.013
0,0,205,3.38,3.50,0.20,0.27,-0.53,-0.013
0,0,206,3.39,3.51,0.21,0.41,-0.11,-0.013
0,0,207,3.39,3.52,0.19,0.24,-0.61,-0.012
0,0,208,3.39,3.53,0.16,0.23,-0.41,-0.012
0,0,209,3.40,3.53,0.13,0.24,-0.43,-0.012
0,0,210,3.40,3.54,0.11,0.16,0.11,-0.012
0,0,211,3.40,3.54,0.08,0.23,0.09,-0.012
0,0,212,3.40,3.54,0.06,0.10,-0.13,-0.012
0,0,213,3.40,3.55,0.03,0.56,-0.28,-0.012
0,0,214,3.40,3.55,0.01,0.37,-0.69,-0.012
0,0,215,3.40,3.55,-0.02,0.27,-0.44,-0.012
0,0,216,3.40,3.54,-0.03,0.24,-0.65,-0.012
0,0,217,3.40,3.54,-0.06,0.65,-0.64,-0.012
0,0,218,3.40,3.54,-0.08,0.56,-0.67,-0.012
0,0,219,3.40,3.53,-0.10,0.15,0.01,-0.012
0,0,220,3.39,3.53,-0.13,0.31,-0.10,-0.013
0,0,221,3.39,3.52,-0.16,0.63,-0.73,-0.013
0,0,222,3.39,3.51,-0.18,0.48,-0.40,-0.013
0,0,223,3.38,3.50,-0.21,0.19,-0.52,-0.013
0,0,224,3.38,3.49,-0.24,0.14,-0.35,-0.013
0,0,225,3.37,3.48,-0.26,0.24,-0.50,-0.013
0,0,226,3.37,3.47,-0.24,0.24,-0.16,-0.013
0,0,227,3.36,3.45,-0.20,0.34,-0.57,-0.013
0,0,228,3.36,3.44,-0.19,0.26,0.07,-0.013
0,0,229,3.36,3.43,0.19,0.25,0.12,-0.012
0,0,230,3.36,3.42,0.19,0.20,-0.24,-0.012
0,0,231,3.37,3.41,0.19,0.48,-0.63,-0.012
0,0,232,3.37,3.41,0.17,0.34,-0.62,-0.012
0,0,233,3.37,3.40,0.14,0.33,-0.05,-0.012
0,0,234,3.37,3.40,0.11,0.39,-0.31,-0.012
0,0,235,3.38,3.40,0.08,0.13,-0.67,-0.011
0,0,236,3.38,3.39,0.10,0.14,0.01,-0.011
0,0,237,3.38,3.39,0.09,0.12,0.09,-0.011
0,0,238,3.38,3.39,0.07,0.13,-0.29,-0.011
0,0,239,3.38,3.39,0.05,0.15,-0.58,-0.011
0,0,240,3.38,3.39,0.02,0.40,-0.38,-0.011
0,0,241,3.38,3.39,-0.00,0.21,-0.30,-0.011
0,0,242,3.38,3.39,-0.01,0.18,-0.49,-0.011
0,0,243,3.38,3.39,-0.03,0.34,-0.25,-0.011
0,0,244,3.38,3.39,-0.04,0.36,-0.44,-0.011
0,0,245,3.38,3.39,-0.06,0.42,-0.51,-0.011
0,0,246,3.38,3.39,-0.07,0.31,-0.64,-0.011
0,0,247,3.38,3.40,-0.09,0.31,-0.10,-0.012
0,0,248,3.37,3.40,-0.10,0.26,0.07,-0.012
0,0,249,3.37,3.41,-0.12,0.30,-0.56,-0.012
0,0,250,3.37,3.41,-0.14,0.18,0.12,-0.012
0,0,251,3.37,3.42,-0.16,0.52,-0.06,-0.012
0,0,252,3.36,3.42,-0.18,0.41,0.07,-0.013
0,0,253,3.36,3.43,-0.20,0.32,-0.06,-0.012
0,0,254,3.36,3.44,-0.12,0.37,-0.52,-0.012
0,0,255,3.36,3.45,0.09,0.16,-0.47,-0.012
0,0,256,3.36,3.45,0.12,0.35,-0.65,-0.012
0,0,257,3.36,3.45,0.10,0.26,-0.65,-0.012
0,0,258,3.36,3.46,0.08,0.64,-0.08,-0.011
0,0,259,3.37,3.46,0.06,0.18,-0.72,-0.011
0,0,260,3.37,3.46,0.04,0.20,-0.19,-0.011
0,0,261,3.37,3.46,0.02,0.26,-0.27,-0.011
0,0,262,3.37,3.46,-0.00,0.18,-0.44,-0.011
0,0,263,3.37,3.46,-0.02,0.29,-0.56,-0.011
0,0,264,3.37,3.46,-0.04,0.20,-0.46,-0.011
0,0,265,3.36,3.46,-0.06,0.36,0.06,-0.012
0,0,266,3.36,3.45,-0.08,0.21,-0.71,-0.012
0,0,267,3.36,3.45,-0.10,0.32,0.23,-0.012
0,0,268,3.36,3.45,-0.12,0.16,-0.38,-0.012
0,0,269,3.36,3.44,-0.12,0.16,-0.28,-0.012
0,0,270,3.36,3.44,0.02,0.26,-0.10,-0.011
0,0,271,3.36,3.43,0.07,0.14,-0.46,-0.011
0,0,272,3.36,3.43,0.04,0.12,-0.67,-0.011
0,0,273,3.36,3.43,0.02,0.66,0.10,-0.011
0,0,274,3.36,3.43,0.01,0.20,-0.68,-0.011
0,0,275,3.36,3.43,-0.01,0.33,-0.14,-0.011
0,0,276,3.36,3.43,-0.03,0.31,-0.84,-0.011
0,0,277,3.36,3.44,-0.05,0.53,-0.66,-0.011
0,0,278,3.36,3.44,-0.07,0.06,0.13,-0.011
0,0,279,3.36,3.44,-0.01,0.26,0.25,-0.011
0,0,280,3.36,3.44,0.01,0.18,-0.57,-0.011
0,0,281,3.36,3.44,0.00,0.22,-0.40,-0.011
0,0,282,3.36,3.44,-0.01,0.17,-0.83,-0.011
0,0,283,3.36,3.44,-0.02,0.38,0.07,-0.011
0,0,284,3.35,3.44,-0.01,0.50,-0.49,-0.011
0,0,285,3.35,3.44,-0.00,0.19,-0.71,-0.011
0,0,286,3.35,3.44,-0.00,0.27,0.10,-0.011
0,0,287,3.35,3.44,-0.00,0.13,-0.27,-0.011
0,0,288,3.35,3.44,-0.00,0.24,-0.39,-0.011
0,0,289,3.36,3.44,-0.00,0.28,-0.65,-0.011
0,0,290,3.36,3.44,-0.00,0.09,-0.14,-0.011
0,0,291,3.36,3.44,-0.00,0.28,-0.65,-0.011
0,0,292,3.36,3.44,-0.00,0.35,-0.54,-0.011
0,0,293,3.36,3.44,-0.00,0.15,-0.35,-0.011
0,0,294,3.35,3.44,-0.00,0.55,0.00,-0.011
0,0,295,3.35,3.44,-0.00,0.32,-0.89,-0.011
0,0,296,3.35,3.44,-0.00,0.41,-0.83,-0.011
0,0,297,3.35,3.44,-0.00,0.20,-0.14,-0.011
0,0,298,3.36,3.44,0.00,0.18,-0.35,-0.011
0,0,299,3.36,3.44,-0.00,0.21,0.25,-0.011
0,0,300,3.36,3.44,-0.00,0.12,-0.59,-0.011
0,0,301,3.36,3.44,-0.00,0.57,-0.64,-0.011
0,0,302,3.36,3.44,-0.00,0.12,-0.61,-0.011
0,0,303,3.36,3.44,-0.00,0.56,-0.24,-0.011
0,0,304,3.36,3.44,-0.00,0.43,-0.64,-0.011
0,0,305,3.36,3.44,-0.00,0.18,-0.56,-0.011
0,0,306,3.36,3.44,-0.00,0.44,0.21,-0.011
0,0,307,3.36,3.44,-0.00,0.43,-0.18,-0.011
0,0,308,3.36,3.44,-0.00,0.35,-0.31,-0.011
0,0,309,3.36,3.44,-0.00,0.06,-0.42,-0.011
0,0,310,3.36,3.44,-0.00,0.24,0.49,-0.011
0,0,311,3.36,3.44,-0.00,0.16,-0.48,-0.011
0,0,312,3.36,3.44,-0.00,0.36,-0.78,-0.011
0,0,313,3.36,3.44,-0.00,0.29,0.33,-0.011
0,0,314,3.36,3.44,-0.00,0.64,-0.05,-0.011
0,0,315,3.36,3.44,-0.00,0.29,-0.51,-0.011
0,0,316,3.36,3.44,-0.00,0.11,-0.66,-0.011
0,0,317,3.36,3.44,-0.00,0.33,-0.41,-0.011
0,0,318,3.36,3.44,-0.00,0.16,-0.68,-0.011
0,0,319,3.36,3.44,-0.00,0.08,-0.50,-0.011
0,0,320,3.36,3.44,-0.00,0.29,-0.62,-0.011
0,0,321,3.36,3.44,-0.00,0.60,-0.66,-0.011
0,0,322,3.36,3.44,-0.00,0.55,-0.53,-0.011
0,0,323,3.36,3.44,-0.00,0.34,-0.49,-0.011
0,0,324,3.36,3.44,-0.00,0.30,-0.45,-0.011
0,0,325,3.36,3.44,-0.00,0.37,-0.48,-0.011
0,0,326,3.36,3.44,-0.00,0.27,-0.33,-0.011
0,0,327,3.36,3.44,-0.00,0.10,-0.59,-0.011
0,0,328,3.36,3.44,-0.00,0.50,-0.58,-0.011
0,0,329,3.36,3.44,-0.00,0.12,-0.52,-0.011
0,0,330,3.36,3.44,-0.00,0.19,-0.26,-0.011
0,0,331,3.36,3.44,-0.00,0.22,-0.37,-0.011
0,0,332,3.36,3.44,-0.00,0.14,-0.56,-0.011
0,0,333,3.36,3.44,-0.00,0.20,-0.36,-0.011
0,0,334,3.36,3.44,-0.00,0.31,-0.04,-0.011
0,0,335,3.36,3.44,-0.00,0.14,-0.81,-0.011
0,0,336,3.36,3.44,-0.00,0.25,-0.10,-0.011
0,0,337,3.36,3.44,-0.00,0.13,-0.29,-0.011
0,0,338,3.36,3.44,-0.00,0.37,-0.38,-0.011
0,0,339,3.36,3.44,-0.00,0.36,-0.77,-0.011
0,0,340,3.36,3.44,-0.00,0.34,-0.30,-0.011
0,0,341,3.36,3.44,-0.00,0.23,-0.54,-0.011
0,0,342,3.36,3.44,-0.00,0.25,-0.41,-0.011
0,0,343,3.36,3.44,-0.00,0.16,0.34,-0.011
0,0,344,3.36,3.44,-0.00,0.29,-0.22,-0.011
0,0,345,3.36,3.44,-0.00,0.38,-0.39,-0.011
0,0,346,3.36,3.44,-0.00,0.11,-0.22,-0.011
0,0,347,3.36,3.44,-0.00,0.20,-0.75,-0.011
0,0,348,3.36,3.44,-0.00,0.15,-0.78,-0.011
0,0,349,3.36,3.44,-0.00,0.19,-0.55,-0.011
0,0,350,3.36,3.44,-0.00,0.16,-0.53,-0.011
0,0,351,3.36,3.44,-0.00,0.58,-0.61,-0.011
0,0,352,3.36,3.44,-0.00,0.26,-0.39,-0.011
0,0,353,3.36,3.44,-0.00,0.27,-0.15,-0.011
0,0,354,3.36,3.44,-0.00,0.10,-0.36,-0.011
0,0,355,3.36,3.44,-0.00,0.03,-0.84,-0.011
0,0,356,3.36,3.44,-0.00,0.70,-0.42,-0.011
0,0,357,3.36,3.44,-0.00,0.19,-0.56,-0.011
0,0,358,3.36,3.44,-0.00,0.13,-0.34,-0.011
0,0,359,3.36,3.44,-0.00,0.20,-0.11,-0.011
0,0,360,3.36,3.44,-0.00,0.31,-0.53,-0.011
0,0,361,3.36,3.44,-0.00,0.23,-0.46,-0.011
0,0,362,3.36,3.44,-0.00,0.26,-0.72,-0.011
0,0,363,3.36,3.44,-0.00,0.28,-0.36,-0.011
0,0,364,3.36,3.44,-0.00,0.20,0.01,-0.011
0,0,365,3.35,3.44,-0.00,0.15,-0.03,-0.011
0,0,366,3.36,3.44,-0.00,0.13,-0.80,-0.011
0,0,367,3.36,3.44,-0.00,0.43,-0.34,-0.011
0,0,368,3.36,3.44,-0.00,0.35,-0.70,-0.011
0,0,369,3.36,3.44,-0.00,0.37,-0.36,-0.011
0,0,370,3.36,3.44,-0.00,0.11,-0.51,-0.011
0,0,371,3.36,3.44,-0.00,0.13,-0.48,-0.011
0,0,372,3.36,3.44,-0.00,0.14,-0.47,-0.011
0,0,373,3.36,3.44,-0.00,0.27,0.31,-0.011
0,0,374,3.36,3.44,-0.00,0.31,-0.39,-0.011
0,0,375,3.36,3.44,-0.00,0.28,-0.23,-0.011
0,0,376,3.36,3.44,-0.00,0.23,-0.56,-0.011
0,0,377,3.35,3.44,-0.00,0.08,-0.42,-0.011
0,0,378,3.35,3.44,-0.00,0.29,-0.49,-0.011
0,0,379,3.36,3.44,-0.00,0.12,-0.62,-0.011
0,0,380,3.36,3.44,-0.00,0.12,-0.45,-0.011
0,0,381,3.36,3.44,-0.00,0.10,-0.21,-0.011
0,0,382,3.36,3.44,-0.00,0.16,-0.33,-0.011
0,0,383,3.36,3.44,-0.00,0.43,-0.44,-0.011
0,0,384,3.36,3.44,-0.00,0.33,0.37,-0.011
0,0,385,3.36,3.44,-0.00,0.23,-0.86,-0.011
0,0,386,3.36,3.44,-0.00,0.31,-0.32,-0.011
0,0,387,3.36,3.44,-0.00,0.49,-0.43,-0.011
0,0,388,3.36,3.44,-0.00,0.34,-0.71,-0.011
0,0,389,3.36,3.44,-0.00,0.33,-0.47,-0.011
0,0,390,3.36,3.44,-0.00,0.26,-0.44,-0.011
0,0,391,3.36,3.44,-0.00,0.13,-0.54,-0.011
0,0,392,3.36,3.44,-0.00,0.50,-0.37,-0.011
0,0,393,3.36,3.44,-0.00,0.09,-0.33,-0.011
0,0,394,3.36,3.44,-0.00,0.47,-0.78,-0.011
0,0,395,3.36,3.44,-0.00,0.12,-0.03,-0.011
0,0,396,3.36,3.44,-0.00,0.23,-0.39,-0.011
0,0,397,3.36,3.44,-0.00,0.40,-0.34,-0.011
0,0,398,3.36,3.44,-0.00,0.36,-0.54,-0.011
0,0,399,3.36,3.44,-0.00,0.09,-0.67,-0.011
0,0,400,3.36,3.44,-0.00,0.45,-0.63,-0.011
0,0,401,3.36,3.44,-0.00,0.32,-0.55,-0.011
0,0,402,3.36,3.44,-0.00,0.09,0.04,-0.011
0,0,403,3.36,3.44,-0.00,0.33,-0.20,-0.011
0,0,404,3.36,3.44,-0.00,0.18,-0.73,-0.011
0,0,405,3.36,3.44,-0.00,0.14,-0.41,-0.011
0,0,406,3.36,3.44,-0.00,0.33,-0.58,-0.011
0,0,407,3.36,3.44,-0.00,0.16,-0.71,-0.011
0,0,408,3.36,3.44,-0.00,0.22,-0.43,-0.011
0,0,409,3.36,3.44,-0.00,0.36,0.14,-0.011
0,0,410,3.36,3.44,-0.00,0.30,-0.34,-0.011
0,0,411,3.36,3.44,-0.00,0.18,-0.55,-0.011
0,0,412,3.36,3.44,-0.00,0.32,-0.46,-0.011
0,0,413,3.36,3.44,-0.00,0.48,-0.05,-0.011
0,0,414,3.36,3.44,-0.00,0.36,-0.38,-0.011
0,0,415,3.36,3.44,-0.00,0.27,-0.21,-0.011
0,0,416,3.36,3.44,-0.00,0.38,-0.80,-0.011
0,0,417,3.35,3.44,-0.00,0.33,-0.44,-0.011
0,0,418,3.35,3.44,-0.00,0.66,-0.38,-0.011
0,0,419,3.35,3.44,-0.00,0.10,0.04,-0.011
0,0,420,3.36,3.44,-0.00,0.45,-0.23,-0.011
0,0,421,3.36,3.44,-0.00,0.18,0.27,-0.011
0,0,422,3.36,3.44,-0.00,0.24,-0.37,-0.011
0,0,423,3.36,3.44,-0.00,0.50,-0.84,-0.011
0,0,424,3.36,3.44,-0.00,0.18,-0.58,-0.011
0,0,425,3.36,3.44,-0.00,0.40,-0.30,-0.011
0,0,426,3.36,3.44,-0.00,0.35,-0.70,-0.011
0,0,427,3.36,3.44,-0.00,0.42,-0.81,-0.011
0,0,428,3.36,3.44,-0.00,0.23,0.13,-0.011
0,0,429,3.36,3.44,-0.00,0.27,-0.80,-0.011
0,0,430,3.36,3.44,-0.00,0.13,0.14,-0.011
0,0,431,3.36,3.44,-0.00,0.44,-0.40,-0.011
0,0,432,3.36,3.44,-0.00,0.40,-0.49,-0.011
0,0,433,3.36,3.44,-0.00,0.57,-0.43,-0.011
0,0,434,3.36,3.44,-0.00,0.16,-0.75,-0.011
0,0,435,3.36,3.44,-0.00,0.14,-0.72,-0.011
0,0,436,3.36,3.44,-0.00,0.11,-0.57,-0.011
0,0,437,3.36,3.44,-0.00,0.17,-0.49,-0.011
0,0,438,3.36,3.44,-0.00,0.18,-0.62,-0.011
0,0,439,3.36,3.44,-0.00,0.49,-0.24,-0.011
0,0,440,3.36,3.44,-0.00,0.20,-0.27,-0.011
0,0,441,3.36,3.44,-0.00,0.28,-0.58,-0.011
0,0,442,3.36,3.44,-0.00,0.08,-0.30,-0.011
0,0,443,3.36,3.44,-0.00,0.55,0.05,-0.011
0,0,444,3.36,3.44,-0.00,0.17,-0.13,-0.011
0,0,445,3.36,3.44,-0.00,0.24,-0.62,-0.011
0,0,446,3.36,3.44,-0.00,0.23,-0.53,-0.011
0,0,447,3.36,3.44,-0.00,0.16,-0.57,-0.011
0,0,448,3.36,3.44,-0.00,0.30,-0.19,-0.011
0,0,449,3.36,3.44,-0.00,0.25,-0.38,-0.011
0,0,450,3.36,3.44,-0.00,0.25,-0.11,-0.011
0,0,451,3.36,3.44,-0.00,0.08,-0.74,-0.011
0,0,452,3.36,3.44,-0.00,0.27,0.25,-0.011
0,0,453,3.36,3.44,-0.00,0.24,-0.53,-0.011
0,0,454,3.36,3.44,-0.00,0.65,-0.14,-0.011
0,0,455,3.36,3.44,-0.00,0.34,0.10,-0.011
0,0,456,3.35,3.44,-0.00,0.19,-0.32,-0.011
0,0,457,3.35,3.44,-0.00,0.55,-0.82,-0.011
0,0,458,3.35,3.44,-0.00,0.11,0.14,-0.011
0,0,459,3.36,3.44,-0.00,0.16,-0.77,-0.011
0,0,460,3.36,3.44,-0.00,0.10,-0.27,-0.011
0,0,461,3.36,3.44,-0.00,0.29,-0.65,-0.011
0,0,462,3.36,3.44,-0.00,0.22,-0.38,-0.011
0,0,463,3.36,3.44,-0.00,0.27,-0.09,-0.011
0,0,464,3.36,3.44,-0.00,0.22,-0.39,-0.011
0,0,465,3.36,3.44,-0.00,0.08,0.13,-0.011
0,0,466,3.36,3.44,-0.00,0.40,-0.09,-0.011
0,0,467,3.36,3.44,-0.00,0.27,-0.78,-0.011
0,0,468,3.36,3.44,-0.00,0.73,-0.05,-0.011
0,0,469,3.36,3.44,-0.00,0.08,-0.46,-0.011
0,0,470,3.36,3.44,-0.00,0.50,-0.26,-0.011
0,0,471,3.36,3.44,-0.00,0.33,-0.69,-0.011
0,0,472,3.36,3.44,-0.00,0.32,0.00,-0.011
0,0,473,3.36,3.44,-0.00,0.13,-0.68,-0.011
0,0,474,3.36,3.44,-0.00,0.12,-0.15,-0.011
0,0,475,3.36,3.44,-0.00,0.51,-0.08,-0.011
0,0,476,3.36,3.44,-0.00,0.25,-0.15,-0.011
0,0,477,3.36,3.44,-0.00,0.59,-0.57,-0.011
0,0,478,3.36,3.44,-0.00,0.11,-0.16,-0.011
0,0,479,3.36,3.44,-0.00,0.32,-0.57,-0.011
0,0,480,3.36,3.44,-0.00,0.57,0.30,-0.011
0,0,481,3.36,3.44,-0.00,0.33,-0.28,-0.011
0,0,482,3.36,3.44,-0.00,0.25,-0.82,-0.011
0,0,483,3.36,3.44,-0.00,0.40,-0.60,-0.011
0,0,484,3.36,3.44,-0.00,0.14,-0.46,-0.011
0,0,485,3.36,3.44,-0.00,0.24,-0.44,-0.011
0,0,486,3.36,3.44,-0.00,0.15,-0.68,-0.011
0,0,487,3.36,3.44,-0.00,0.22,-0.71,-0.011
0,0,488,3.36,3.44,-0.00,0.14,-0.06,-0.011
0,0,489,3.36,3.44,-0.00,0.36,-0.56,-0.011
0,0,490,3.36,3.44,-0.00,0.33,-0.61,-0.011
0,0,491,3.36,3.44,-0.00,0.33,-0.19,-0.011
0,0,492,3.36,3.44,-0.00,0.27,-0.52,-0.011
0,0,493,3.36,3.44,-0.00,0.28,-0.08,-0.011
0,0,494,3.36,3.44,-0.00,0.26,-0.54,-0.011
0,0,495,3.36,3.44,-0.00,0.20,-0.22,-0.011
0,0,496,3.36,3.44,-0.00,0.28,-0.50,-0.011
0,0,497,3.36,3.44,-0.00,0.42,-0.11,-0.011
0,0,498,3.36,3.44,-0.00,0.18,-0.67,-0.011
0,0,499,3.36,3.44,-0.00,0.61,0.30,-0.011
0,0,500,3.36,3.44,-0.00,0.21,-0.38,-0.011
0,0,501,3.36,3.44,-0.00,0.18,-0.36,-0.011
0,0,502,3.36,3.44,-0.00,0.16,-0.61,-0.011
0,0,503,3.36,3.44,-0.00,0.37,-0.33,-0.011
0,0,504,3.36,3.44,-0.00,0.28,-0.24,-0.011
0,0,505,3.36,3.44,-0.00,0.33,-0.83,-0.011
0,0,506,3.36,3.44,-0.00,0.50,-0.38,-0.011
0,0,507,3.36,3.44,-0.00,0.29,-0.45,-0.011
0,0,508,3.36,3.44,-0.00,0.26,-0.58,-0.011
0,0,509,3.36,3.44,-0.00,0.31,-0.51,-0.011
0,0,510,3.36,3.44,-0.00,0.10,0.09,-0.011
0,0,511,3.36,3.44,-0.00,0.11,0.00,-0.011
0,0,512,3.36,3.44,-0.00,0.21,-0.43,-0.011
0,0,513,3.36,3.44,-0.00,0.37,-0.61,-0.011
0,0,514,3.36,3.44,-0.00,0.14,-0.06,-0.011
0,0,515,3.36,3.44,-0.00,0.22,-0.60,-0.011
0,0,516,3.36,3.44,-0.00,0.47,0.42,-0.011
0,0,517,3.36,3.44,-0.00,0.25,-0.04,-0.011
0,0,518,3.36,3.44,-0.00,0.09,-0.42,-0.011
0,0,519,3.36,3.44,-0.00,0.41,-0.01,-0.011
0,0,520,3.36,3.44,-0.00,0.28,-0.49,-0.011
0,0,521,3.36,3.44,-0.00,0.39,-0.70,-0.011
0,0,522,3.36,3.44,-0.00,0.40,-0.30,-0.011
0,0,523,3.36,3.44,-0.00,0.10,-0.77,-0.011
0,0,524,3.36,3.44,-0.00,0.47,-0.22,-0.011
0,0,525,3.36,3.44,-0.00,0.30,-0.67,-0.011
0,0,526,3.36,3.44,-0.00,0.40,-0.75,-0.011
0,0,527,3.35,3.44,-0.00,0.22,-0.59,-0.011
0,0,528,3.35,3.44,-0.00,0.33,-0.69,-0.011
0,0,529,3.36,3.44,-0.00,0.41,-0.29,-0.011
0,0,530,3.36,3.44,-0.00,0.40,-0.22,-0.011
0,0,531,3.36,3.44,-0.00,0.46,-0.86,-0.011
0,0,532,3.36,3.44,-0.00,0.35,-0.86,-0.011
0,0,533,3.36,3.44,-0.00,0.09,-0.26,-0.011
0,0,534,3.36,3.44,-0.00,0.44,-0.26,-0.011
0,0,535,3.36,3.44,-0.00,0.19,-0.37,-0.011
0,0,536,3.36,3.44,-0.00,0.21,-0.10,-0.011
0,0,537,3.36,3.44,-0.00,0.43,-0.59,-0.011
0,0,538,3.36,3.44,-0.00,0.39,-0.68,-0.011
0,0,539,3.36,3.44,-0.00,0.52,-0.59,-0.011
0,0,540,3.36,3.44,-0.00,0.35,-0.09,-0.011
0,0,541,3.36,3.44,-0.00,0.22,-0.60,-0.011
0,0,542,3.36,3.44,-0.00,0.30,0.24,-0.011
0,0,543,3.36,3.44,-0.00,0.33,-0.82,-0.011
0,0,544,3.36,3.44,-0.00,0.34,-0.15,-0.011
0,0,545,3.36,3.44,-0.00,0.24,-0.15,-0.011
0,0,546,3.36,3.44,-0.00,0.40,-0.34,-0.011
0,0,547,3.36,3.44,-0.00,0.23,-0.20,-0.011
0,0,548,3.36,3.44,-0.00,0.15,-0.48,-0.011
0,0,549,3.36,3.44,-0.00,0.49,-0.37,-0.011
0,0,550,3.35,3.44,-0.00,0.19,-0.30,-0.011
0,0,551,3.35,3.44,-0.00,0.33,-0.70,-0.011
0,0,552,3.36,3.44,-0.00,0.25,-0.26,-0.011
0,0,553,3.36,3.44,-0.00,0.25,-0.61,-0.011
0,0,554,3.36,3.44,-0.00,0.52,-0.42,-0.011
0,0,555,3.36,3.44,-0.00,0.46,-0.25,-0.011
0,0,556,3.36,3.44,-0.00,0.15,-0.05,-0.011
0,0,557,3.36,3.44,-0.00,0.23,-0.52,-0.011
0,0,558,3.36,3.44,-0.00,0.10,-0.58,-0.011
0,0,559,3.36,3.44,-0.00,0.22,-0.56,-0.011
0,0,560,3.36,3.44,-0.00,0.31,0.02,-0.011
0,0,561,3.35,3.44,-0.00,0.14,-0.48,-0.011
0,0,562,3.35,3.44,-0.00,0.24,-0.40,-0.011
0,0,563,3.36,3.44,-0.00,0.16,-0.14,-0.011
0,0,564,3.36,3.44,-0.00,0.29,-0.70,-0.011
0,0,565,3.36,3.44,-0.00,0.10,0.31,-0.011
0,0,566,3.36,3.44,-0.00,0.43,-0.32,-0.011
0,0,567,3.36,3.44,-0.00,0.11,-0.19,-0.011
0,0,568,3.36,3.44,-0.00,0.49,-0.41,-0.011
0,0,569,3.36,3.44,-0.00,0.59,-0.63,-0.011
0,0,570,3.36,3.44,-0.00,0.16,-0.78,-0.011
0,0,571,3.36,3.44,-0.00,0.41,-0.41,-0.011
0,0,572,3.36,3.44,-0.00,0.08,-0.36,-0.011
0,0,573,3.36,3.44,-0.00,0.23,-0.49,-0.011
0,0,574,3.36,3.44,-0.00,0.15,-0.10,-0.011
0,0,575,3.35,3.44,-0.00,0.33,-0.83,-0.011
0,0,576,3.36,3.44,-0.00,0.20,-0.77,-0.011
0,0,577,3.36,3.44,-0.00,0.20,-0.58,-0.011
0,0,578,3.35,3.44,-0.00,0.31,-0.53,-0.011
0,0,579,3.35,3.44,-0.00,0.48,-0.76,-0.011
0,0,580,3.35,3.44,-0.00,0.18,-0.08,-0.011
0,0,581,3.35,3.44,-0.00,0.13,0.30,-0.011
0,0,582,3.35,3.44,-0.00,0.50,-0.32,-0.011
0,0,583,3.35,3.44,-0.00,0.36,-0.46,-0.011
0,0,584,3.35,3.44,-0.00,0.29,-0.10,-0.011
0,0,585,3.35,3.44,-0.00,0.49,-0.44,-0.011
0,0,586,3.36,3.44,-0.00,0.10,-0.62,-0.011
0,0,587,3.36,3.44,-0.00,0.69,-0.78,-0.011
0,0,588,3.36,3.44,-0.00,0.20,-0.59,-0.011
0,0,589,3.36,3.44,-0.00,0.20,-0.32,-0.011
0,0,590,3.35,3.44,-0.00,0.43,-0.70,-0.011
0,0,591,3.35,3.44,-0.00,0.20,-0.59,-0.011
0,0,592,3.35,3.44,-0.00,0.28,-0.41,-0.011
0,0,593,3.35,3.44,-0.00,0.32,-0.39,-0.011
0,0,594,3.36,3.44,-0.00,0.35,-0.69,-0.011
0,0,595,3.36,3.44,-0.00,0.28,-0.64,-0.011
0,0,596,3.35,3.44,-0.00,0.12,-0.74,-0.011
0,0,597,3.36,3.44,-0.00,0.55,-0.49,-0.011
0,0,598,3.36,3.44,-0.00,0.46,-0.51,-0.011
0,0,599,3.35,3.44,-0.00,0.10,-0.24,-0.011
0,0,600,3.35,3.44,-0.00,0.30,-0.67,-0.011
0,0,601,3.36,3.44,-0.00,0.17,-0.33,-0.011
0,0,602,3.36,3.44,-0.00,0.09,-0.71,-0.011
0,0,603,3.35,3.44,-0.00,0.35,-0.57,-0.011
0,0,604,3.36,3.44,-0.00,0.38,-0.62,-0.011
0,0,605,3.35,3.44,-0.00,0.27,-0.61,-0.011
0,0,606,3.35,3.44,-0.00,0.25,-0.11,-0.011
0,0,607,3.35,3.44,-0.00,0.48,-0.51,-0.011
0,0,608,3.35,3.44,-0.00,0.19,-0.31,-0.011
0,0,609,3.35,3.44,-0.00,0.33,-0.69,-0.011
0,0,610,3.36,3.44,-0.00,0.17,-0.76,-0.011
0,0,611,3.36,3.44,-0.00,0.26,-0.43,-0.011
0,0,612,3.36,3.44,-0.00,0.11,-0.08,-0.011
0,0,613,3.36,3.44,-0.00,0.24,-0.39,-0.011
0,0,614,3.35,3.44,-0.00,0.51,-0.62,-0.011
0,0,615,3.35,3.44,-0.00,0.19,-0.11,-0.011
0,0,616,3.35,3.44,-0.00,0.14,-0.80,-0.011
0,0,617,3.35,3.44,-0.00,0.29,-0.62,-0.011
0,0,618,3.36,3.44,-0.00,0.22,-0.69,-0.011
0,0,619,3.35,3.44,-0.00,0.31,-0.05,-0.011
0,0,620,3.35,3.44,-0.00,0.31,-0.57,-0.011
0,0,621,3.35,3.44,-0.00,0.12,-0.92,-0.011
0,0,622,3.36,3.44,-0.00,0.51,-0.48,-0.011
0,0,623,3.36,3.44,-0.00,0.34,-0.31,-0.011
0,0,624,3.35,3.44,-0.00,0.03,-0.47,-0.011
0,0,625,3.35,3.44,-0.00,0.50,-0.65,-0.011
0,0,626,3.35,3.44,-0.00,0.25,-0.47,-0.011
0,0,627,3.35,3.44,-0.00,0.21,-0.27,-0.011
0,0,628,3.35,3.44,-0.00,0.60,-0.61,-0.011
0,0,629,3.35,3.44,-0.00,0.20,-0.29,-0.011
0,0,630,3.35,3.44,-0.00,0.31,-0.42,-0.011
0,0,631,3.35,3.44,-0.00,0.06,-0.07,-0.011
0,0,632,3.35,3.44,-0.00,0.62,-0.43,-0.011
0,0,633,3.35,3.44,-0.00,0.34,-0.41,-0.011
0,0,634,3.36,3.44,-0.00,0.28,-0.19,-0.011
0,0,635,3.36,3.44,-0.00,0.17,-0.02,-0.011
0,0,636,3.36,3.44,-0.00,0.30,-0.43,-0.011
0,0,637,3.35,3.44,-0.00,0.16,-0.31,-0.011
0,0,638,3.36,3.44,-0.00,0.43,-0.39,-0.011
0,0,639,3.36,3.44,-0.00,0.15,-0.19,-0.011
0,0,640,3.36,3.44,-0.00,0.09,-0.37,-0.011
0,0,641,3.36,3.44,-0.00,0.12,-0.74,-0.011
0,0,642,3.35,3.44,-0.00,0.09,-0.56,-0.011
0,0,643,3.35,3.44,-0.00,0.21,-0.77,-0.011
0,0,644,3.35,3.44,-0.00,0.34,-0.63,-0.011
0,0,645,3.36,3.44,-0.00,0.27,-0.50,-0.011
0,0,646,3.36,3.44,-0.00,0.22,-0.79,-0.011
0,0,647,3.35,3.44,-0.00,0.16,-0.27,-0.011
0,0,648,3.35,3.44,-0.00,0.25,-0.42,-0.011
0,0,649,3.35,3.44,-0.00,0.42,-0.55,-0.011
0,0,650,3.35,3.44,-0.00,0.48,-0.22,-0.011
0,0,651,3.35,3.44,-0.00,0.16,-0.78,-0.011
0,0,652,3.36,3.44,-0.00,0.17,0.28,-0.011
0,0,653,3.36,3.44,-0.00,0.49,-0.62,-0.011
0,0,654,3.35,3.44,-0.00,0.15,-0.26,-0.011
0,0,655,3.35,3.44,-0.00,0.07,-0.54,-0.011
0,0,656,3.35,3.44,-0.00,0.61,-0.12,-0.011
0,0,657,3.35,3.44,-0.00,0.26,-0.22,-0.011
0,0,658,3.35,3.44,-0.00,0.27,-0.13,-0.011
0,0,659,3.36,3.44,-0.00,0.18,-0.45,-0.011
0,0,660,3.36,3.44,-0.00,0.31,0.56,-0.011
0,0,661,3.36,3.44,-0.00,0.37,-0.76,-0.011
0,0,662,3.36,3.44,-0.00,0.17,-0.56,-0.011
0,0,663,3.35,3.44,-0.00,0.32,-0.65,-0.011
0,0,664,3.35,3.44,-0.00,0.09,-0.61,-0.011
0,0,665,3.36,3.44,-0.00,0.25,-0.50,-0.011
0,0,666,3.35,3.44,-0.00,0.38,-0.63,-0.011
0,0,667,3.35,3.44,-0.00,0.15,-0.58,-0.011
0,0,668,3.35,3.44,-0.00,0.11,-0.19,-0.011
0,0,669,3.35,3.44,-0.00,0.21,0.50,-0.011
0,0,670,3.35,3.44,-0.00,0.42,-0.29,-0.011
0,0,671,3.35,3.44,-0.00,0.12,-0.23,-0.011
0,0,672,3.36,3.44,-0.00,0.16,-0.68,-0.011
0,0,673,3.36,3.44,-0.00,0.13,-0.60,-0.011
0,0,674,3.36,3.44,-0.00,0.43,-0.55,-0.011
0,0,675,3.35,3.44,-0.00,0.49,0.05,-0.011
0,0,676,3.35,3.44,-0.00,0.40,-0.53,-0.011
0,0,677,3.36,3.44,-0.00,0.29,-0.21,-0.011
0,0,678,3.36,3.44,-0.00,0.24,-0.31,-0.011
0,0,679,3.35,3.44,-0.00,0.14,-0.58,-0.011
0,0,680,3.35,3.44,-0.00,0.36,-0.42,-0.011
0,0,681,3.35,3.44,-0.00,0.13,0.12,-0.011
0,0,682,3.36,3.44,-0.00,0.18,-0.47,-0.011
0,0,683,3.36,3.44,-0.00,0.19,-0.25,-0.011
0,0,684,3.36,3.44,-0.00,0.38,-0.33,-0.011
0,0,685,3.36,3.44,-0.00,0.55,-0.18,-0.011
0,0,686,3.35,3.44,-0.00,0.21,0.21,-0.011
0,0,687,3.35,3.44,-0.00,0.10,0.06,-0.011
0,0,688,3.35,3.44,-0.00,0.10,-0.64,-0.011
0,0,689,3.35,3.44,-0.00,0.22,0.06,-0.011
0,0,690,3.36,3.44,-0.00,0.25,-0.59,-0.011
0,0,691,3.36,3.44,-0.00,0.20,-0.58,-0.011
0,0,692,3.36,3.44,-0.00,0.31,0.19,-0.011
0,0,693,3.36,3.44,-0.00,0.26,-0.78,-0.011
0,0,694,3.35,3.44,-0.00,0.42,-0.62,-0.011
0,0,695,3.35,3.44,-0.00,0.30,-0.65,-0.011
0,0,696,3.35,3.44,-0.00,0.10,0.23,-0.011
0,0,697,3.35,3.44,-0.00,0.23,-0.19,-0.011
0,0,698,3.35,3.44,-0.00,0.43,-0.33,-0.011
0,0,699,3.35,3.44,-0.00,0.27,-0.63,-0.011
0,0,700,3.36,3.44,-0.00,0.04,-0.62,-0.011
0,0,701,3.36,3.44,-0.00,0.58,-0.16,-0.011
0,0,702,3.36,3.44,-0.00,0.39,-0.46,-0.011
0,0,703,3.36,3.44,-0.00,0.40,-0.61,-0.011
0,0,704,3.36,3.44,-0.00,0.19,-0.69,-0.011
0,0,705,3.36,3.44,-0.00,0.20,0.20,-0.011
0,0,706,3.36,3.44,-0.00,0.66,-0.28,-0.011
0,0,707,3.36,3.44,-0.00,0.33,-0.47,-0.011
0,0,708,3.35,3.44,-0.00,0.18,-0.67,-0.011
0,0,709,3.35,3.44,-0.00,0.19,-0.65,-0.011
0,0,710,3.35,3.44,-0.00,0.50,0.17,-0.011
0,0,711,3.35,3.44,-0.00,0.59,-0.10,-0.011
0,0,712,3.35,3.44,-0.00,0.29,0.12,-0.011
0,0,713,3.35,3.44,-0.00,0.25,-0.48,-0.011
0,0,714,3.36,3.44,-0.00,0.22,-0.04,-0.011
0,0,715,3.36,3.44,-0.00,0.19,-0.06,-0.011
0,0,716,3.36,3.44,-0.00,0.26,-0.70,-0.011
0,0,717,3.36,3.44,-0.00,0.58,-0.54,-0.011
0,0,718,3.36,3.44,-0.00,0.38,-0.56,-0.011
0,0,719,3.36,3.44,-0.00,0.49,-0.34,-0.011
0,0,720,3.36,3.44,-0.00,0.20,0.06,-0.011
0,0,721,3.36,3.44,-0.00,0.12,-0.76,-0.011
0,0,722,3.36,3.44,-0.00,0.13,-0.70,-0.011
0,0,723,3.35,3.44,-0.00,0.22,-0.28,-0.011
0,0,724,3.36,3.44,-0.00,0.61,-0.21,-0.011
0,0,725,3.35,3.44,-0.00,0.19,-0.78,-0.011
0,0,726,3.36,3.44,-0.00,0.08,0.40,-0.011
0,0,727,3.36,3.44,-0.00,0.17,-0.19,-0.011
0,0,728,3.36,3.44,-0.00,0.17,-0.92,-0.011
0,0,729,3.35,3.44,-0.00,0.15,-0.31,-0.011
0,0,730,3.35,3.44,-0.00,0.30,-0.85,-0.011
0,0,731,3.35,3.44,-0.00,0.08,-0.72,-0.011
0,0,732,3.35,3.44,-0.00,0.28,-0.59,-0.011
0,0,733,3.35,3.44,-0.00,0.56,0.18,-0.011
0,0,734,3.36,3.44,-0.00,0.31,-0.72,-0.011
0,0,735,3.36,3.44,-0.00,0.15,-0.80,-0.011
0,0,736,3.36,3.44,-0.00,0.18,-0.16,-0.011
0,0,737,3.36,3.44,-0.00,0.35,-0.60,-0.011
0,0,738,3.36,3.44,-0.00,0.42,-0.24,-0.011
0,0,739,3.36,3.44,-0.00,0.35,-0.66,-0.011
0,0,740,3.36,3.44,-0.00,0.38,0.00,-0.011
0,0,741,3.35,3.44,-0.00,0.36,-0.09,-0.011
0,0,742,3.35,3.44,-0.00,0.19,-0.10,-0.011
0,0,743,3.35,3.44,-0.00,0.45,-0.23,-0.011
0,0,744,3.36,3.44,-0.00,0.31,-0.55,-0.011
0,0,745,3.36,3.44,-0.00,0.26,-0.64,-0.011
0,0,746,3.36,3.44,-0.00,0.32,-0.71,-0.011
0,0,747,3.35,3.44,-0.00,0.10,-0.32,-0.011
0,0,748,3.35,3.44,-0.00,0.13,-0.41,-0.011
0,0,749,3.35,3.44,-0.00,0.10,-0.17,-0.011
0,0,750,3.35,3.44,-0.00,0.18,-0.71,-0.011
0,0,751,3.36,3.44,-0.00,0.11,-0.69,-0.011
0,0,752,3.36,3.44,-0.00,0.16,-0.77,-0.011
0,0,753,3.36,3.44,-0.00,0.20,0.00,-0.011
0,0,754,3.36,3.44,-0.00,0.08,-0.79,-0.011
0,0,755,3.36,3.44,-0.00,0.40,-0.64,-0.011
0,0,756,3.36,3.44,-0.00,0.39,-0.70,-0.011
0,0,757,3.35,3.44,-0.00,0.18,-0.09,-0.011
0,0,758,3.35,3.44,-0.00,0.25,-0.17,-0.011
0,0,759,3.35,3.44,-0.00,0.16,-0.29,-0.011
0,0,760,3.36,3.44,-0.00,0.46,-0.87,-0.011
0,0,761,3.36,3.44,-0.00,0.34,0.22,-0.011
0,0,762,3.35,3.44,-0.00,0.40,-0.16,-0.011
0,0,763,3.36,3.44,-0.00,0.12,0.06,-0.011
0,0,764,3.35,3.44,-0.00,0.39,-0.35,-0.011
0,0,765,3.35,3.44,-0.00,0.43,-0.53,-0.011
0,0,766,3.35,3.44,-0.00,0.59,-0.43,-0.011
0,0,767,3.35,3.44,-0.00,0.27,0.04,-0.011
0,0,768,3.35,3.44,-0.00,0.41,-0.21,-0.011
0,0,769,3.35,3.44,-0.00,0.37,-0.75,-0.011
0,0,770,3.35,3.44,-0.00,0.44,-0.35,-0.011
0,0,771,3.35,3.44,-0.00,0.25,-0.65,-0.011
0,0,772,3.36,3.44,-0.00,0.20,-0.37,-0.011
0,0,773,3.35,3.44,-0.00,0.54,0.04,-0.011
0,0,774,3.35,3.44,-0.00,0.23,-0.63,-0.011
0,0,775,3.35,3.44,-0.00,0.24,-0.47,-0.011
0,0,776,3.35,3.44,-0.00,0.32,-0.49,-0.011
0,0,777,3.35,3.44,-0.00,0.13,0.08,-0.011
0,0,778,3.35,3.44,-0.00,0.12,-0.68,-0.011
0,0,779,3.35,3.44,-0.00,0.20,-0.42,-0.011
0,0,780,3.35,3.44,-0.00,0.12,-0.22,-0.011
0,0,781,3.35,3.44,-0.00,0.10,-0.49,-0.011
0,0,782,3.36,3.44,-0.00,0.14,-0.03,-0.011
0,0,783,3.36,3.44,-0.00,0.14,-0.40,-0.011
0,0,784,3.36,3.44,-0.00,0.14,-0.48,-0.011
0,0,785,3.35,3.44,-0.00,0.35,-0.55,-0.011
0,0,786,3.35,3.44,-0.00,0.61,-0.25,-0.011
0,0,787,3.35,3.44,-0.00,0.25,-0.21,-0.011
0,0,788,3.36,3.44,-0.00,0.12,-0.56,-0.011
0,0,789,3.36,3.44,-0.00,0.38,-0.57,-0.011
0,0,790,3.36,3.44,-0.00,0.46,-0.55,-0.011
0,0,791,3.36,3.44,-0.00,0.13,-0.05,-0.011
0,0,792,3.35,3.44,-0.00,0.21,-0.76,-0.011
0,0,793,3.35,3.44,-0.00,0.32,-0.17,-0.011
0,0,794,3.35,3.44,-0.00,0.51,0.36,-0.011
0,0,795,3.35,3.44,-0.00,0.35,-0.07,-0.011
0,0,796,3.35,3.44,-0.00,0.19,0.03,-0.011
0,0,797,3.35,3.44,-0.00,0.24,-0.76,-0.011
0,0,798,3.36,3.44,-0.00,0.10,-0.80,-0.011
0,0,799,3.36,3.44,-0.00,0.38,0.02,-6.011
0,1,800,9.54,-4.70,-0.20,0.09,-0.37,-0.017
0,1,801,9.53,-4.70,-0.39,0.20,0.27,-0.017
0,1,802,9.52,-4.70,-0.57,0.24,-0.22,-0.017
0,1,803,9.50,-4.70,-0.76,0.05,0.42,-0.017
0,1,804,9.49,-4.70,-0.95,0.06,0.35,-0.017
0,1,805,9.46,-4.70,-1.15,0.06,-0.26,-0.017
0,1,806,9.44,-4.70,-1.34,0.20,0.50,-0.017
0,1,807,9.41,-4.70,-1.52,0.07,0.71,-0.017
0,1,808,9.37,-4.70,-1.72,0.08,-0.02,-0.017
0,1,809,9.33,-4.70,-1.91,0.36,0.32,-0.017
0,1,810,9.29,-4.70,-2.09,0.08,-0.63,-0.018
0,1,811,9.25,-4.70,-2.28,0.14,0.21,-0.018
0,1,812,9.20,-4.70,-2.47,0.30,-0.08,-0.018
0,1,813,9.14,-4.70,-2.65,0.28,-0.45,-0.018
0,1,814,9.09,-4.70,-2.83,0.32,-0.31,-0.018
0,1,815,9.03,-4.70,-3.01,0.14,0.15,-0.018
0,1,816,8.96,-4.70,-3.20,0.25,0.44,-0.018
0,1,817,8.89,-4.70,-3.39,0.07,-0.13,-0.018
0,1,818,8.82,-4.70,-3.58,0.16,0.00,-0.018
0,1,819,8.75,-4.70,-3.77,0.20,0.25,-0.018
0,1,820,8.67,-4.70,-3.95,0.31,0.50,-0.019
0,1,821,8.59,-4.70,-4.13,0.16,0.16,-0.019
0,1,822,8.50,-4.71,-4.32,0.08,-0.05,-0.019
0,1,823,8.41,-4.71,-4.51,0.15,0.44,-0.019
0,1,824,8.31,-4.71,-4.70,0.04,-0.20,-0.019
0,1,825,8.22,-4.71,-4.90,0.11,0.07,-0.019
0,1,826,8.12,-4.71,-5.09,0.11,0.69,-0.019
0,1,827,8.01,-4.71,-5.28,0.19,0.66,-0.019
0,1,828,7.90,-4.71,-5.46,0.04,0.09,-0.020
0,1,829,7.79,-4.71,-5.66,0.08,0.41,-0.020
0,1,830,7.67,-4.71,-5.85,0.30,-0.00,-0.020
0,1,831,7.55,-4.71,-6.03,0.11,-0.43,-0.020
0,1,832,7.42,-4.71,-6.22,0.22,0.10,-0.020
0,1,833,7.30,-4.71,-6.41,0.49,0.42,-0.020
0,1,834,7.16,-4.71,-6.58,0.25,0.40,-0.020
0,1,835,7.03,-4.71,-6.76,0.12,0.36,-0.021
0,1,836,6.89,-4.71,-6.95,0.12,0.84,-0.021
0,1,837,6.75,-4.71,-7.14,0.07,0.37,-0.021
0,1,838,6.60,-4.71,-7.34,0.07,0.62,-0.021
0,1,839,6.45,-4.71,-7.53,0.37,0.32,-0.021
0,1,840,6.30,-4.72,-7.71,0.10,0.64,-0.022
0,1,841,6.14,-4.72,-7.90,0.15,0.28,-0.022
0,1,842,5.98,-4.72,-8.09,0.05,-0.21,-0.022
0,1,843,5.81,-4.72,-8.28,0.28,-0.16,-0.023
0,1,844,5.64,-4.72,-8.46,0.13,-0.34,-0.023
0,1,845,5.47,-4.72,-8.65,0.35,0.06,-0.023
0,1,846,5.29,-4.72,-8.83,0.22,0.33,-0.023
0,1,847,5.11,-4.72,-9.02,0.34,0.56,-0.024
0,1,848,4.93,-4.72,-9.20,0.46,0.15,-0.024
0,1,849,4.74,-4.72,-9.37,0.18,0.73,-0.025
0,1,850,4.55,-4.72,-9.56,0.28,0.50,-0.025
0,1,851,4.35,-4.72,-9.74,0.14,0.50,-0.026
0,1,852,4.15,-4.72,-9.93,0.24,0.34,-0.026
0,1,853,3.95,-4.73,-10.11,0.32,0.22,-0.027
0,1,854,3.75,-4.73,-10.29,0.40,0.23,-0.027
0,1,855,3.54,-4.73,-10.47,0.45,0.34,-0.016
0,1,856,3.48,-4.73,0.08,0.28,-0.35,-0.016
0,1,857,3.48,-4.73,-0.01,0.17,-0.07,-0.016
0,1,858,3.48,-4.73,-0.01,0.29,0.41,-0.016
0,1,859,3.48,-4.73,-0.02,0.25,0.42,-0.016
0,1,860,3.47,-4.73,-0.04,0.10,0.26,-0.016
0,1,861,3.47,-4.72,-0.05,0.28,0.28,-0.016
0,1,862,3.47,-4.72,-0.07,0.22,0.26,-0.017
0,1,863,3.47,-4.71,-0.09,0.24,0.46,-0.017
0,1,864,3.47,-4.71,-0.10,0.21,-0.13,-0.017
0,1,865,3.47,-4.70,-0.12,0.18,0.34,-0.017
0,1,866,3.46,-4.69,-0.14,0.37,0.50,-0.017
0,1,867,3.46,-4.68,-0.16,0.24,0.40,-0.017
0,1,868,3.46,-4.67,-0.18,0.44,-0.06,-0.017
0,1,869,3.45,-4.66,-0.19,0.09,-0.37,-0.017
0,1,870,3.45,-4.65,-0.22,0.14,0.13,-0.017
0,1,871,3.44,-4.64,-0.24,0.12,-0.15,-0.017
0,1,872,3.44,-4.62,-0.26,0.52,-0.03,-0.018
0,1,873,3.43,-4.61,-0.28,0.18,0.26,-0.018
0,1,874,3.43,-4.59,-0.31,0.20,-0.20,-0.018
0,1,875,3.42,-4.57,-0.34,0.27,0.45,-0.018
0,1,876,3.41,-4.56,-0.33,0.27,-0.56,-0.018
0,1,877,3.41,-4.54,-0.18,0.06,0.34,-0.017
0,1,878,3.41,-4.52,-0.16,0.13,0.34,-0.017
0,1,879,3.40,-4.50,-0.18,0.17,0.35,-0.018
0,1,880,3.40,-4.48,-0.21,0.10,-0.05,-0.018
0,1,881,3.39,-4.46,-0.24,0.06,-0.02,-0.018
0,1,882,3.39,-4.44,-0.27,0.15,0.61,-0.018
0,1,883,3.38,-4.42,-0.26,0.07,-0.44,-0.018
0,1,884,3.38,-4.40,-0.23,0.23,0.38,-0.017
0,1,885,3.37,-4.38,-0.19,0.24,0.77,-0.017
0,1,886,3.38,-4.37,0.11,0.18,-0.07,-0.017
0,1,887,3.38,-4.36,0.18,0.27,0.45,-0.016
0,1,888,3.38,-4.35,0.21,0.23,-0.20,-0.016
0,1,889,3.39,-4.34,0.20,0.38,-0.02,-0.016
0,1,890,3.39,-4.33,0.18,0.49,-0.00,-0.016
0,1,891,3.39,-4.32,0.15,0.39,0.34,-0.016
0,1,892,3.40,-4.32,0.13,0.37,0.47,-0.016
0,1,893,3.40,-4.31,0.10,0.58,0.32,-0.016
0,1,894,3.40,-4.31,0.07,0.20,0.06,-0.016
0,1,895,3.40,-4.31,0.09,0.16,0.66,-0.015
0,1,896,3.41,-4.30,0.17,0.23,0.55,-0.015
0,1,897,3.41,-4.30,0.17,0.53,0.16,-0.015
0,1,898,3.41,-4.30,0.15,0.17,0.55,-0.015
0,1,899,3.41,-4.30,0.12,0.24,0.79,-0.015
0,1,900,3.42,-4.30,0.10,0.13,0.19,-0.015
0,1,901,3.42,-4.30,0.07,0.27,-0.36,-0.014
0,1,902,3.42,-4.30,0.05,0.20,-0.50,-0.014
0,1,903,3.42,-4.30,0.03,0.23,0.32,-0.014
0,1,904,3.42,-4.30,0.01,0.33,0.11,-0.014
0,1,905,3.42,-4.30,-0.02,0.35,-0.09,-0.014
0,1,906,3.42,-4.30,-0.04,0.19,0.06,-0.015
0,1,907,3.42,-4.30,-0.06,0.32,-0.08,-0.015
0,1,908,3.42,-4.30,-0.08,0.35,0.69,-0.015
0,1,909,3.41,-4.30,-0.11,0.31,0.35,-0.015
0,1,910,3.41,-4.30,-0.13,0.28,-0.08,-0.015
0,1,911,3.41,-4.31,-0.16,0.26,0.70,-0.015
0,1,912,3.40,-4.31,-0.18,0.06,0.21,-0.016
0,1,913,3.40,-4.31,-0.19,0.21,-0.33,-0.016
0,1,914,3.40,-4.32,-0.15,0.26,0.48,-0.016
0,1,915,3.39,-4.32,-0.14,0.14,0.53,-0.016
0,1,916,3.39,-4.33,-0.16,0.37,-0.15,-0.016
0,1,917,3.39,-4.34,-0.19,0.30,-0.08,-0.016
0,1,918,3.38,-4.35,-0.22,0.25,0.41,-0.016
0,1,919,3.38,-4.36,-0.25,0.67,0.06,-0.017
0,1,920,3.37,-4.37,-0.27,0.22,-0.01,-0.017
0,1,921,3.37,-4.39,-0.30,0.24,-0.14,-0.017
0,1,922,3.36,-4.40,-0.32,0.37,0.68,-0.017
0,1,923,3.36,-4.41,0.17,0.55,-0.22,-0.017
0,1,924,3.36,-4.43,0.19,0.24,0.34,-0.016
0,1,925,3.37,-4.44,0.26,0.21,0.62,-0.016
0,1,926,3.37,-4.45,0.25,0.22,0.21,-0.016
0,1,927,3.38,-4.46,0.21,0.18,0.20,-0.016
0,1,928,3.38,-4.47,0.19,0.24,-0.07,-0.016
0,1,929,3.38,-4.48,0.16,0.21,-0.25,-0.016
0,1,930,3.39,-4.48,0.14,0.14,0.32,-0.016
0,1,931,3.39,-4.49,0.11,0.48,-0.08,-0.016
0,1,932,3.39,-4.49,0.09,0.32,0.21,-0.015
0,1,933,3.39,-4.50,0.08,0.32,-0.08,-0.015
0,1,934,3.39,-4.50,0.08,0.29,-0.05,-0.015
0,1,935,3.39,-4.50,0.07,0.60,-0.67,-0.015
0,1,936,3.39,-4.50,0.05,0.32,0.72,-0.015
0,1,937,3.40,-4.50,0.02,0.34,-0.25,-0.015
0,1,938,3.40,-4.51,0.00,0.21,-0.53,-0.015
0,1,939,3.40,-4.51,-0.01,0.10,-0.20,-0.015
0,1,940,3.40,-4.51,-0.02,0.16,-0.06,-0.015
0,1,941,3.39,-4.50,-0.03,0.25,0.25,-0.015
0,1,942,3.39,-4.50,-0.05,0.15,-0.10,-0.015
0,1,943,3.39,-4.50,-0.07,0.08,0.32,-0.015
0,1,944,3.39,-4.50,-0.08,0.42,-0.20,-0.016
0,1,945,3.39,-4.49,-0.10,0.24,0.53,-0.016
0,1,946,3.39,-4.48,-0.12,0.20,0.51,-0.016
0,1,947,3.38,-4.48,-0.13,0.13,-0.00,-0.016
0,1,948,3.38,-4.47,-0.15,0.15,0.29,-0.016
0,1,949,3.38,-4.46,-0.17,0.14,0.41,-0.016
0,1,950,3.37,-4.45,-0.19,0.11,-0.30,-0.016
0,1,951,3.37,-4.44,-0.21,0.47,-0.11,-0.016
0,1,952,3.36,-4.43,-0.23,0.53,0.37,-0.017
0,1,953,3.36,-4.42,-0.25,0.34,-0.00,-0.016
0,1,954,3.36,-4.41,-0.17,0.31,0.57,-0.016
0,1,955,3.36,-4.41,0.10,0.27,0.36,-0.016
0,1,956,3.36,-4.40,0.16,0.14,0.09,-0.015
0,1,957,3.36,-4.39,0.14,0.34,0.04,-0.015
0,1,958,3.37,-4.39,0.12,0.19,0.47,-0.015
0,1,959,3.37,-4.38,0.10,0.15,0.69,-0.015
0,1,960,3.37,-4.38,0.07,0.32,-0.08,-0.015
0,1,961,3.37,-4.38,0.06,0.17,0.59,-0.014
0,1,962,3.37,-4.38,0.04,0.40,0.48,-0.014
0,1,963,3.37,-4.37,0.02,0.44,-0.19,-0.014
0,1,964,3.37,-4.37,0.00,0.55,0.11,-0.014
0,1,965,3.37,-4.37,-0.01,0.12,0.03,-0.014
0,1,966,3.37,-4.38,-0.03,0.10,-0.54,-0.015
0,1,967,3.37,-4.38,-0.05,0.23,-0.17,-0.015
0,1,968,3.37,-4.38,-0.07,0.09,0.28,-0.015
0,1,969,3.37,-4.39,-0.09,0.21,0.27,-0.015
0,1,970,3.37,-4.39,-0.11,0.48,0.12,-0.015
0,1,971,3.36,-4.40,-0.13,0.15,0.19,-0.016
0,1,972,3.36,-4.40,-0.15,0.34,-0.19,-0.016
0,1,973,3.36,-4.41,-0.18,0.34,-0.14,-0.015
0,1,974,3.36,-4.42,0.02,0.30,-0.17,-0.015
0,1,975,3.36,-4.42,0.08,0.34,-0.11,-0.015
0,1,976,3.36,-4.42,0.08,0.26,0.39,-0.015
0,1,977,3.36,-4.43,0.06,0.31,0.56,-0.015
0,1,978,3.36,-4.43,0.04,0.21,0.65,-0.015
0,1,979,3.36,-4.43,0.02,0.26,0.76,-0.014
0,1,980,3.36,-4.43,0.01,0.05,-0.17,-0.015
0,1,981,3.36,-4.43,-0.02,0.26,0.45,-0.015
0,1,982,3.36,-4.43,-0.04,0.17,0.14,-0.015
0,1,983,3.36,-4.43,-0.05,0.40,0.03,-0.015
0,1,984,3.36,-4.42,-0.07,0.22,0.35,-0.015
0,1,985,3.36,-4.42,-0.09,0.16,0.73,-0.015
0,1,986,3.36,-4.41,-0.08,0.23,-0.02,-0.015
0,1,987,3.36,-4.41,0.01,0.04,0.18,-0.015
0,1,988,3.36,-4.41,0.04,0.40,0.09,-0.014
0,1,989,3.36,-4.41,0.02,0.35,0.67,-0.014
0,1,990,3.36,-4.41,-0.00,0.23,0.21,-0.014
0,1,991,3.36,-4.41,-0.02,0.65,0.26,-0.015
0,1,992,3.36,-4.41,-0.04,0.08,0.07,-0.015
0,1,993,3.36,-4.41,-0.01,0.17,0.50,-0.014
0,1,994,3.36,-4.41,0.00,0.32,0.16,-0.014
0,1,995,3.36,-4.41,0.00,0.18,-0.39,-0.014
0,1,996,3.36,-4.41,-0.01,0.41,-0.03,-0.014
0,1,997,3.36,-4.41,-0.01,0.06,-0.23,-0.014
0,1,998,3.36,-4.41,-0.00,0.26,-0.44,-0.014
0,1,999,3.35,-4.41,-0.00,0.38,-0.23,-0.014
0,1,1000,3.35,-4.41,-0.00,0.15,-0.31,-0.014
0,1,1001,3.35,-4.41,-0.00,0.19,-0.22,-0.014
0,1,1002,3.35,-4.41,-0.00,0.24,0.36,-0.014
0,1,1003,3.35,-4.41,-0.00,0.17,0.61,-0.014
0,1,1004,3.36,-4.41,0.00,0.23,0.56,-0.014
0,1,1005,3.36,-4.41,-0.00,0.12,0.65,-0.014
0,1,1006,3.36,-4.41,-0.00,0.15,0.43,-0.014
0,1,1007,3.36,-4.41,-0.00,0.47,0.31,-0.014
0,1,1008,3.36,-4.41,-0.00,0.29,-0.04,-0.014
0,1,1009,3.35,-4.41,-0.00,0.36,0.72,-0.014
0,1,1010,3.35,-4.41,-0.00,0.29,0.30,-0.014
0,1,1011,3.35,-4.41,-0.00,0.31,-0.03,-0.014
0,1,1012,3.35,-4.41,-0.00,0.20,0.37,-0.014
0,1,1013,3.35,-4.41,-0.00,0.33,-0.49,-0.014
0,1,1014,3.35,-4.41,-0.00,0.26,0.35,-0.014
0,1,1015,3.35,-4.41,-0.00,0.18,-0.20,-0.014
0,1,1016,3.36,-4.41,-0.00,0.34,-0.05,-0.014
0,1,1017,3.36,-4.41,-0.00,0.32,0.21,-0.014
0,1,1018,3.35,-4.41,-0.00,0.39,-0.16,-0.014
0,1,1019,3.35,-4.41,-0.00,0.12,-0.33,-0.014
0,1,1020,3.35,-4.41,-0.00,0.33,-0.02,-0.014
0,1,1021,3.35,-4.41,-0.00,0.06,0.43,-0.014
0,1,1022,3.35,-4.41,-0.00,0.27,0.31,-0.014
0,1,1023,3.35,-4.41,-0.00,0.17,0.16,-0.014
1,1,0,3.35,-4.41,-0.00,0.26,-0.42,-0.014
1,1,1,3.35,-4.41,-0.00,0.15,0.08,-0.014
1,1,2,3.35,-4.41,-0.00,0.16,-0.76,-0.014
1,1,3,3.35,-4.41,-0.00,0.37,0.33,-0.014
1,1,4,3.35,-4.41,-0.00,0.50,-0.22,-0.014
1,1,5,3.35,-4.41,-0.00,0.37,-0.09,-0.014
1,1,6,3.35,-4.41,-0.00,0.20,0.21,-0.014
1,1,7,3.35,-4.41,-0.00,0.14,-0.10,-0.014
1,1,8,3.35,-4.41,-0.00,0.22,-0.18,-0.014
1,1,9,3.35,-4.41,-0.00,0.52,0.66,-0.014
1,1,10,3.35,-4.41,-0.00,0.18,0.36,-0.014
1,1,11,3.35,-4.41,-0.00,0.27,-0.48,-0.014
1,1,12,3.35,-4.41,-0.00,0.59,0.08,-0.014
1,1,13,3.35,-4.41,-0.00,0.27,-0.20,-0.014
1,1,14,3.35,-4.41,-0.00,0.53,0.48,-0.014
1,1,15,3.35,-4.41,-0.00,0.70,0.40,-0.014
1,1,16,3.35,-4.41,-0.00,0.30,0.45,-0.014
1,1,17,3.35,-4.41,-0.00,0.19,-0.16,-0.014
1,1,18,3.35,-4.41,-0.00,0.15,-0.24,-0.014
1,1,19,3.35,-4.41,-0.00,0.30,0.64,-0.014
1,1,20,3.35,-4.41,-0.00,0.26,-0.28,-0.014
1,1,21,3.35,-4.41,-0.00,0.20,-0.07,-0.014
1,1,22,3.35,-4.41,-0.00,0.28,0.65,-0.014
1,1,23,3.35,-4.41,-0.00,0.67,-0.36,-0.014
1,1,24,3.36,-4.41,-0.00,0.24,0.50,-0.014
1,1,25,3.35,-4.41,-0.00,0.11,-0.03,-0.014
1,1,26,3.35,-4.41,-0.00,0.33,0.11,-0.014
1,1,27,3.35,-4.41,-0.00,0.23,0.03,-0.014
1,1,28,3.36,-4.41,-0.00,0.30,-0.06,-0.014
1,1,29,3.35,-4.41,-0.00,0.14,0.50,-0.014
1,1,30,3.35,-4.41,-0.00,0.26,0.02,-0.014
1,1,31,3.36,-4.41,-0.00,0.17,-0.27,-0.014
1,1,32,3.35,-4.41,-0.00,0.12,-0.58,-0.014
1,1,33,3.35,-4.41,-0.00,0.15,0.24,-0.014
1,1,34,3.35,-4.41,-0.00,0.25,0.05,-0.014
1,1,35,3.36,-4.41,-0.00,0.22,0.49,-0.014
1,1,36,3.35,-4.41,-0.00,0.31,0.47,-0.014
1,1,37,3.35,-4.41,-0.00,0.25,-0.03,-0.014
1,1,38,3.35,-4.41,-0.00,0.20,0.33,-0.014
1,1,39,3.35,-4.41,-0.00,0.51,0.31,-0.014
1,1,40,3.35,-4.41,-0.00,0.60,-0.36,-0.014
1,1,41,3.35,-4.41,-0.00,0.38,-0.24,-0.014
1,1,42,3.35,-4.41,-0.00,0.53,-0.02,-0.014
1,1,43,3.35,-4.41,-0.00,0.26,0.00,-0.014
1,1,44,3.35,-4.41,-0.00,0.38,-0.11,-0.014
1,1,45,3.35,-4.41,-0.00,0.37,0.32,-0.014
1,1,46,3.35,-4.41,-0.00,0.08,0.17,-0.014
1,1,47,3.35,-4.41,-0.00,0.32,0.50,-0.014
1,1,48,3.35,-4.41,-0.00,0.15,0.17,-0.014
1,1,49,3.35,-4.41,-0.00,0.26,0.37,-0.014
1,1,50,3.35,-4.41,-0.00,0.42,0.45,-0.014
1,1,51,3.35,-4.41,-0.00,0.37,0.45,-0.014
1,1,52,3.36,-4.41,-0.00,0.39,0.51,-0.014
1,1,53,3.36,-4.41,-0.00,0.41,-0.10,-0.014
1,1,54,3.36,-4.41,-0.00,0.44,-0.47,-0.014
1,1,55,3.35,-4.41,-0.00,0.47,0.37,-0.014
1,1,56,3.35,-4.41,-0.00,0.11,0.11,-0.014
1,1,57,3.35,-4.41,-0.00,0.15,-0.17,-0.014
1,1,58,3.35,-4.41,-0.00,0.29,-0.39,-0.014
1,1,59,3.35,-4.41,-0.00,0.12,0.67,-0.014
1,1,60,3.35,-4.41,-0.00,0.20,0.13,-0.014
1,1,61,3.35,-4.41,-0.00,0.14,-0.01,-0.014
1,1,62,3.35,-4.41,-0.00,0.11,-0.40,-0.014
1,1,63,3.35,-4.41,-0.00,0.13,0.06,-0.014
1,1,64,3.35,-4.41,-0.00,0.42,0.52,-0.014
1,1,65,3.35,-4.41,-0.00,0.13,0.11,-0.014
1,1,66,3.35,-4.41,-0.00,0.24,0.25,-0.014
1,1,67,3.35,-4.41,-0.00,0.54,0.78,-0.014
1,1,68,3.35,-4.41,-0.00,0.54,-0.12,-0.014
1,1,69,3.35,-4.41,-0.00,0.21,-0.21,-0.014
1,1,70,3.35,-4.41,-0.00,0.26,0.22,-0.014
1,1,71,3.35,-4.41,-0.00,0.21,0.37,-0.014
1,1,72,3.35,-4.41,-0.00,0.25,0.70,-0.014
1,1,73,3.35,-4.41,-0.00,0.41,-0.03,-0.014
1,1,74,3.35,-4.41,-0.00,0.20,0.77,-0.014
1,1,75,3.35,-4.41,-0.00,0.06,0.12,-0.014
1,1,76,3.35,-4.41,-0.00,0.08,-0.01,-0.014
1,1,77,3.35,-4.41,-0.00,0.20,0.02,-0.014
1,1,78,3.35,-4.41,-0.00,0.34,0.59,-0.014
1,1,79,3.35,-4.41,-0.00,0.27,0.57,-0.014
1,1,80,3.35,-4.41,-0.00,0.11,-0.14,-0.014
1,1,81,3.35,-4.41,-0.00,0.38,-0.03,-0.014
1,1,82,3.35,-4.41,-0.00,0.14,0.27,-0.014
1,1,83,3.35,-4.41,-0.00,0.35,0.69,-0.014
1,1,84,3.35,-4.41,-0.00,0.27,0.62,-0.014
1,1,85,3.36,-4.41,-0.00,0.34,0.41,-0.014
1,1,86,3.35,-4.41,-0.00,0.15,0.20,-0.014
1,1,87,3.35,-4.41,-0.00,0.53,0.08,-0.014
1,1,88,3.35,-4.41,-0.00,0.34,0.09,-0.014
1,1,89,3.35,-4.41,-0.00,0.41,0.49,-0.014
1,1,90,3.35,-4.41,-0.00,0.48,0.17,-0.014
1,1,91,3.35,-4.41,-0.00,0.19,0.11,-0.014
1,1,92,3.35,-4.41,-0.00,0.25,0.10,-0.014
1,1,93,3.35,-4.41,-0.00,0.27,0.12,-0.014
1,1,94,3.35,-4.41,-0.00,0.35,0.49,-0.014
1,1,95,3.35,-4.41,-0.00,0.84,0.71,-0.014
1,1,96,3.35,-4.41,-0.00,0.15,0.34,-0.014
1,1,97,3.35,-4.41,-0.00,0.21,-0.18,-0.014
1,1,98,3.35,-4.41,-0.00,0.31,-0.06,-0.014
1,1,99,3.35,-4.41,-0.00,0.41,0.10,-0.014
1,1,100,3.35,-4.41,-0.00,0.14,0.49,-0.014
1,1,101,3.35,-4.41,-0.00,0.43,0.52,-0.014
1,1,102,3.35,-4.41,-0.00,0.20,0.35,-0.014
1,1,103,3.35,-4.41,-0.00,0.23,0.53,-0.014
1,1,104,3.35,-4.41,-0.00,0.12,-0.13,-0.014
1,1,105,3.35,-4.41,-0.00,0.41,0.60,-0.014
1,1,106,3.35,-4.41,-0.00,0.16,0.26,-0.014
1,1,107,3.35,-4.41,-0.00,0.18,-0.11,-0.014
1,1,108,3.35,-4.41,-0.00,0.32,0.17,-0.014
1,1,109,3.35,-4.41,-0.00,0.07,0.56,-0.014
1,1,110,3.35,-4.41,-0.00,0.48,-0.27,-0.014
1,1,111,3.35,-4.41,-0.00,0.29,-0.01,-0.014
1,1,112,3.35,-4.41,-0.00,0.28,-0.17,-0.014
1,1,113,3.35,-4.41,-0.00,0.15,0.20,-0.014
1,1,114,3.35,-4.41,-0.00,0.12,-0.18,-0.014
1,1,115,3.35,-4.41,-0.00,0.14,0.38,-0.014
1,1,116,3.36,-4.41,-0.00,0.47,0.05,-0.014
1,1,117,3.35,-4.41,-0.00,0.12,0.18,-0.014
1,1,118,3.36,-4.41,-0.00,0.11,-0.10,-0.014
1,1,119,3.35,-4.41,-0.00,0.17,-0.13,-0.014
1,1,120,3.35,-4.41,-0.00,0.41,-0.25,-0.014
1,1,121,3.35,-4.41,-0.00,0.09,0.13,-0.014
1,1,122,3.35,-4.41,-0.00,0.50,0.75,-0.014
1,1,123,3.35,-4.41,-0.00,0.26,0.75,-0.014
1,1,124,3.35,-4.41,-0.00,0.26,-0.14,-0.014
1,1,125,3.35,-4.41,-0.00,0.49,-0.13,-0.014
1,1,126,3.35,-4.41,-0.00,0.22,-0.03,-0.014
1,1,127,3.35,-4.41,-0.00,0.20,-0.21,-0.014
1,1,128,3.35,-4.41,-0.00,0.22,-0.32,-0.014
1,1,129,3.35,-4.41,-0.00,0.43,0.03,-0.014
1,1,130,3.35,-4.41,-0.00,0.16,-0.53,-0.014
1,1,131,3.35,-4.41,-0.00,0.31,0.34,-0.014
1,1,132,3.35,-4.41,-0.00,0.22,0.17,-0.014
1,1,133,3.35,-4.41,-0.00,0.16,0.39,-0.014
1,1,134,3.35,-4.41,-0.00,0.21,0.35,-0.014
1,1,135,3.35,-4.41,-0.00,0.16,0.66,-0.014
1,1,136,3.35,-4.41,-0.00,0.41,0.20,-0.014
1,1,137,3.35,-4.41,-0.00,0.51,0.21,-0.014
1,1,138,3.35,-4.41,-0.00,0.37,0.79,-0.014
1,1,139,3.35,-4.41,-0.00,0.27,0.45,-0.014
1,1,140,3.35,-4.41,-0.00,0.35,0.34,-0.014
1,1,141,3.35,-4.41,-0.00,0.53,0.26,-0.014
1,1,142,3.35,-4.41,-0.00,0.26,0.37,-0.014
1,1,143,3.35,-4.41,-0.00,0.32,0.09,-0.014
1,1,144,3.35,-4.41,-0.00,0.23,0.25,-0.014
1,1,145,3.35,-4.41,-0.00,0.10,0.39,-0.014
1,1,146,3.35,-4.41,-0.00,0.23,-0.08,-0.014
1,1,147,3.35,-4.41,-0.00,0.54,-0.06,-0.014
1,1,148,3.35,-4.41,-0.00,0.23,-0.07,-0.014
1,1,149,3.35,-4.41,-0.00,0.43,0.44,-0.014
1,1,150,3.35,-4.41,-0.00,0.39,0.08,-0.014
1,1,151,3.35,-4.41,-0.00,0.10,0.56,-0.014
1,1,152,3.35,-4.41,-0.00,0.17,0.46,-0.014
1,1,153,3.35,-4.41,-0.00,0.58,-0.26,-0.014
1,1,154,3.35,-4.41,-0.00,0.20,0.45,-0.014
1,1,155,3.35,-4.41,-0.00,0.50,-0.35,-0.014
1,1,156,3.35,-4.41,-0.00,0.32,0.12,-0.014
1,1,157,3.35,-4.41,-0.00,0.33,0.14,-0.014
1,1,158,3.35,-4.41,-0.00,0.42,-0.54,-0.014
1,1,159,3.35,-4.41,-0.00,0.22,0.65,-0.014
1,1,160,3.35,-4.41,-0.00,0.15,0.40,-0.014
1,1,161,3.35,-4.41,-0.00,0.28,0.07,-0.014
1,1,162,3.35,-4.41,-0.00,0.40,0.55,-0.014
1,1,163,3.35,-4.41,-0.00,0.25,0.26,-0.014
1,1,164,3.35,-4.41,-0.00,0.44,0.12,-0.014
1,1,165,3.35,-4.41,-0.00,0.35,-0.18,-0.014
1,1,166,3.35,-4.41,-0.00,0.56,0.14,-0.014
1,1,167,3.35,-4.41,-0.00,0.39,-0.13,-0.014
1,1,168,3.35,-4.41,-0.00,0.34,0.71,-0.014
1,1,169,3.35,-4.41,-0.00,0.37,0.40,-0.014
1,1,170,3.35,-4.41,-0.00,0.15,-0.11,-0.014
1,1,171,3.35,-4.41,-0.00,0.36,0.01,-0.014
1,1,172,3.35,-4.41,-0.00,0.16,0.58,-0.014
1,1,173,3.35,-4.41,-0.00,0.39,0.12,-0.014
1,1,174,3.35,-4.41,-0.00,0.13,-0.06,-0.014
1,1,175,3.35,-4.41,-0.00,0.15,0.52,-0.014
1,1,176,3.35,-4.41,-0.00,0.38,-0.04,-0.014
1,1,177,3.35,-4.41,-0.00,0.21,-0.14,-0.014
1,1,178,3.35,-4.41,-0.00,0.54,0.28,-0.014
1,1,179,3.35,-4.41,-0.00,0.51,0.58,-0.014
1,1,180,3.35,-4.41,-0.00,0.29,0.48,-0.014
1,1,181,3.35,-4.41,-0.00,0.41,0.06,-0.014
1,1,182,3.35,-4.41,-0.00,0.21,0.24,-0.014
1,1,183,3.35,-4.41,-0.00,0.17,0.07,-0.014
1,1,184,3.35,-4.41,-0.00,0.25,-0.08,-0.014
1,1,185,3.35,-4.41,-0.00,0.18,0.32,-0.014
1,1,186,3.35,-4.41,-0.00,0.14,-0.10,-0.014
1,1,187,3.35,-4.41,-0.00,0.25,0.49,-0.014
1,1,188,3.35,-4.41,-0.00,0.12,0.62,-0.014
1,1,189,3.35,-4.41,-0.00,0.31,-0.50,-0.014
1,1,190,3.35,-4.41,-0.00,0.49,0.52,-0.014
1,1,191,3.35,-4.41,-0.00,0.25,-0.02,-0.014
1,1,192,3.35,-4.41,-0.00,0.25,0.17,-0.014
1,1,193,3.36,-4.41,-0.00,0.45,-0.59,-0.014
1,1,194,3.35,-4.41,-0.00,0.12,0.44,-0.014
1,1,195,3.35,-4.41,-0.00,0.33,-0.03,-0.014
1,1,196,3.35,-4.41,-0.00,0.14,0.58,-0.014
1,1,197,3.35,-4.41,-0.00,0.31,0.34,-0.014
1,1,198,3.35,-4.41,-0.00,0.11,-0.46,-0.014
1,1,199,3.35,-4.41,-0.00,0.21,0.36,-0.014
1,1,200,3.35,-4.41,-0.00,0.25,0.77,-0.014
1,1,201,3.35,-4.41,-0.00,0.28,-0.27,-0.014
1,1,202,3.35,-4.41,-0.00,0.28,0.17,-0.014
1,1,203,3.35,-4.41,-0.00,0.06,0.28,-0.014
1,1,204,3.35,-4.41,-0.00,0.36,0.25,-0.014
1,1,205,3.35,-4.41,-0.00,0.39,0.53,-0.014
1,1,206,3.35,-4.41,-0.00,0.24,-0.28,-0.014
1,1,207,3.35,-4.41,-0.00,0.18,0.40,-0.014
1,1,208,3.35,-4.41,-0.00,0.09,0.14,-0.014
1,1,209,3.35,-4.41,-0.00,0.26,0.13,-0.014
1,1,210,3.35,-4.41,-0.00,0.18,-0.10,-0.014
1,1,211,3.35,-4.41,-0.00,0.31,0.22,-0.014
1,1,212,3.35,-4.41,-0.00,0.27,0.05,-0.014
1,1,213,3.35,-4.41,-0.00,0.33,-0.34,-0.014
1,1,214,3.35,-4.41,-0.00,0.13,-0.07,-0.014
1,1,215,3.35,-4.41,-0.00,0.34,0.02,-0.014
1,1,216,3.35,-4.41,-0.00,0.17,0.34,-0.014
1,1,217,3.35,-4.41,-0.00,0.28,0.14,-0.014
1,1,218,3.35,-4.41,-0.00,0.39,0.16,-0.014
1,1,219,3.35,-4.41,-0.00,0.48,0.11,-0.014
1,1,220,3.35,-4.41,-0.00,0.11,0.16,-0.014
1,1,221,3.35,-4.41,-0.00,0.13,-0.04,-0.014
1,1,222,3.35,-4.41,-0.00,0.17,-0.01,-0.014
1,1,223,3.35,-4.41,-0.00,0.22,0.30,-0.014
1,1,224,3.35,-4.41,-0.00,0.16,0.18,-0.014
1,1,225,3.35,-4.41,-0.00,0.37,0.15,-0.014
1,1,226,3.35,-4.41,-0.00,0.23,0.33,-0.014
1,1,227,3.35,-4.41,-0.00,0.38,0.42,-0.014
1,1,228,3.35,-4.41,-0.00,0.26,-0.18,-0.014
1,1,229,3.35,-4.41,-0.00,0.24,0.16,-0.014
1,1,230,3.35,-4.41,-0.00,0.42,-0.24,-0.014
1,1,231,3.35,-4.41,-0.00,0.13,0.47,-0.014
1,1,232,3.35,-4.41,-0.00,0.59,0.11,-0.014
1,1,233,3.35,-4.41,-0.00,0.15,0.12,-0.014
1,1,234,3.35,-4.41,-0.00,0.51,-0.11,-0.014
1,1,235,3.35,-4.41,-0.00,0.07,0.03,-0.014
1,1,236,3.35,-4.41,-0.00,0.41,-0.17,-0.014
1,1,237,3.35,-4.41,-0.00,0.25,0.46,-0.014
1,1,238,3.35,-4.41,-0.00,0.20,0.37,-0.014
1,1,239,3.35,-4.41,-0.00,0.63,0.66,-0.014
1,1,240,3.35,-4.41,-0.00,0.36,-0.39,-0.014
1,1,241,3.35,-4.41,-0.00,0.36,0.48,-0.014
1,1,242,3.35,-4.41,-0.00,0.31,-0.01,-0.014
1,1,243,3.36,-4.41,-0.00,0.25,0.39,-0.014
1,1,244,3.35,-4.41,-0.00,0.17,0.57,-0.014
1,1,245,3.35,-4.41,-0.00,0.40,0.65,-0.014
1,1,246,3.35,-4.41,-0.00,0.17,0.34,-0.014
1,1,247,3.35,-4.41,-0.00,0.32,0.06,-0.014
1,1,248,3.35,-4.41,-0.00,0.36,0.04,-0.014
1,1,249,3.35,-4.41,-0.00,0.53,0.16,-0.014
1,1,250,3.35,-4.41,-0.00,0.41,0.09,-0.014
1,1,251,3.35,-4.41,-0.00,0.17,0.08,-0.014
1,1,252,3.35,-4.41,-0.00,0.27,-0.05,-0.014
1,1,253,3.35,-4.41,-0.00,0.31,-0.44,-0.014
1,1,254,3.35,-4.41,-0.00,0.30,-0.40,-0.014
1,1,255,3.35,-4.41,-0.00,0.30,0.11,-0.014
1,1,256,3.35,-4.41,-0.00,0.19,-0.28,-0.014
1,1,257,3.35,-4.41,-0.00,0.14,0.46,-0.014
1,1,258,3.35,-4.41,-0.00,0.23,0.07,-0.014
1,1,259,3.35,-4.41,-0.00,0.29,-0.17,-0.014
1,1,260,3.35,-4.41,-0.00,0.11,-0.09,-0.014
1,1,261,3.35,-4.41,-0.00,0.22,0.61,-0.014
1,1,262,3.35,-4.41,-0.00,0.32,-0.25,-0.014
1,1,263,3.35,-4.41,-0.00,0.36,0.46,-0.014
1,1,264,3.35,-4.41,-0.00,0.29,0.35,-0.014
1,1,265,3.35,-4.41,-0.00,0.28,-0.13,-0.014
1,1,266,3.35,-4.41,-0.00,0.15,0.54,-0.014
1,1,267,3.35,-4.41,-0.00,0.43,0.31,-0.014
1,1,268,3.35,-4.41,-0.00,0.50,0.34,-0.014
1,1,269,3.35,-4.41,-0.00,0.26,-0.13,-0.014
1,1,270,3.35,-4.41,-0.00,0.20,-0.25,-0.014
1,1,271,3.35,-4.41,-0.00,0.31,0.06,-0.014
1,1,272,3.35,-4.41,-0.00,0.20,0.04,-0.014
1,1,273,3.35,-4.41,-0.00,0.25,0.10,-0.014
1,1,274,3.35,-4.41,-0.00,0.25,-0.56,-0.014
1,1,275,3.35,-4.41,-0.00,0.33,0.24,-0.014
1,1,276,3.35,-4.41,-0.00,0.10,0.07,-0.014
1,1,277,3.35,-4.41,-0.00,0.20,0.06,-0.014
1,1,278,3.35,-4.41,-0.00,0.37,-0.42,-0.014
1,1,279,3.35,-4.41,-0.00,0.26,0.29,-0.014
1,1,280,3.35,-4.41,-0.00,0.18,0.44,-0.014
1,1,281,3.35,-4.41,-0.00,0.39,-0.15,-0.014
1,1,282,3.35,-4.41,-0.00,0.39,0.17,-0.014
1,1,283,3.35,-4.41,-0.00,0.16,-0.43,-0.014
1,1,284,3.35,-4.41,-0.00,0.57,0.56,-0.014
1,1,285,3.35,-4.41,-0.00,0.32,0.40,-0.014
1,1,286,3.35,-4.41,-0.00,0.24,0.58,-0.014
1,1,287,3.35,-4.41,-0.00,0.10,-0.59,-0.014
1,1,288,3.35,-4.41,-0.00,0.37,0.22,-0.014
1,1,289,3.35,-4.41,-0.00,0.45,0.31,-0.014
1,1,290,3.36,-4.41,-0.00,0.48,0.03,-0.014
1,1,291,3.35,-4.41,-0.00,0.13,0.53,-0.014
1,1,292,3.35,-4.41,-0.00,0.37,0.08,-0.014
1,1,293,3.35,-4.41,-0.00,0.11,-0.50,-0.014
1,1,294,3.35,-4.41,-0.00,0.30,-0.25,-0.014
1,1,295,3.35,-4.41,-0.00,0.27,0.05,-0.014
1,1,296,3.35,-4.41,-0.00,0.24,0.54,-0.014
1,1,297,3.35,-4.41,-0.00,0.15,-0.26,-0.014
1,1,298,3.35,-4.41,-0.00,0.14,0.40,-0.014
1,1,299,3.35,-4.41,-0.00,0.33,0.08,-0.014
1,1,300,3.35,-4.41,-0.00,0.28,-0.06,-0.014
1,1,301,3.35,-4.41,-0.00,0.41,0.23,-0.014
1,1,302,3.35,-4.41,-0.00,0.07,0.20,-0.014
1,1,303,3.35,-4.41,-0.00,0.11,0.42,-0.014
1,1,304,3.35,-4.41,-0.00,0.19,-0.10,-0.014
1,1,305,3.35,-4.41,-0.00,0.49,-0.07,-0.014
1,1,306,3.35,-4.41,-0.00,0.13,-0.01,-0.014
1,1,307,3.35,-4.41,-0.00,0.61,0.37,-0.014
1,1,308,3.35,-4.41,-0.00,0.49,0.54,-0.014
1,1,309,3.35,-4.41,-0.00,0.32,0.28,-0.014
1,1,310,3.35,-4.41,-0.00,0.15,0.45,-0.014
1,1,311,3.35,-4.41,-0.00,0.19,-0.13,-0.014
1,1,312,3.35,-4.41,-0.00,0.44,-0.25,-0.014
1,1,313,3.35,-4.41,-0.00,0.48,-0.46,-0.014
1,1,314,3.35,-4.41,-0.00,0.43,-0.14,-0.014
1,1,315,3.35,-4.41,-0.00,0.20,0.12,-0.014
1,1,316,3.35,-4.41,-0.00,0.31,0.54,-0.014
1,1,317,3.35,-4.41,-0.00,0.11,0.32,-0.014
1,1,318,3.35,-4.41,-0.00,0.42,-0.08,-0.014
1,1,319,3.35,-4.41,-0.00,0.16,0.73,-0.014
1,1,320,3.35,-4.41,-0.00,0.15,0.32,-0.014
1,1,321,3.35,-4.41,-0.00,0.23,-0.31,-0.014
1,1,322,3.35,-4.41,-0.00,0.33,0.64,-0.014
1,1,323,3.35,-4.41,-0.00,0.34,0.12,-0.014
1,1,324,3.35,-4.41,-0.00,0.14,0.13,-0.014
1,1,325,3.35,-4.41,-0.00,0.21,0.19,-0.014
1,1,326,3.35,-4.41,-0.00,0.20,-0.05,-0.014
1,1,327,3.35,-4.41,-0.00,0.24,0.18,-0.014
1,1,328,3.35,-4.41,-0.00,0.18,0.17,-0.014
1,1,329,3.35,-4.41,-0.00,0.29,0.50,-0.014
1,1,330,3.35,-4.41,-0.00,0.24,-0.77,-0.014
1,1,331,3.35,-4.41,-0.00,0.26,0.04,-0.014
1,1,332,3.35,-4.41,-0.00,0.21,0.69,-0.014
1,1,333,3.35,-4.41,-0.00,0.24,0.50,-0.014
1,1,334,3.35,-4.41,-0.00,0.18,0.52,-0.014
1,1,335,3.35,-4.41,-0.00,0.35,0.56,-0.014
1,1,336,3.35,-4.41,-0.00,0.34,-0.17,-0.014
1,1,337,3.35,-4.41,-0.00,0.31,0.20,-0.014
1,1,338,3.35,-4.41,-0.00,0.60,0.24,-0.014
1,1,339,3.35,-4.41,-0.00,0.17,-0.31,-0.014
1,1,340,3.35,-4.41,-0.00,0.14,0.34,-0.014
1,1,341,3.35,-4.41,-0.00,0.10,-0.22,-0.014
1,1,342,3.35,-4.41,-0.00,0.41,0.12,-0.014
1,1,343,3.35,-4.41,-0.00,0.33,-0.30,-0.014
1,1,344,3.35,-4.41,-0.00,0.66,-0.15,-0.014
1,1,345,3.35,-4.41,-0.00,0.29,0.04,-0.014
1,1,346,3.35,-4.41,-0.00,0.15,0.17,-0.014
1,1,347,3.35,-4.41,-0.00,0.24,-0.16,-0.014
1,1,348,3.35,-4.41,-0.00,0.25,-0.26,-0.014
1,1,349,3.35,-4.41,-0.00,0.21,-0.35,-0.014
1,1,350,3.35,-4.41,-0.00,0.23,-0.30,-0.014
1,1,351,3.35,-4.41,-0.00,0.21,0.40,-0.014
1,1,352,3.35,-4.41,-0.00,0.21,-0.12,-0.014
1,1,353,3.35,-4.41,-0.00,0.20,-0.12,-0.014
1,1,354,3.35,-4.41,-0.00,0.11,0.04,-0.014
1,1,355,3.35,-4.41,-0.00,0.20,0.24,-0.014
1,1,356,3.35,-4.41,-0.00,0.16,0.31,-0.014
1,1,357,3.35,-4.41,-0.00,0.40,-0.18,-0.014
1,1,358,3.35,-4.41,-0.00,0.34,-0.17,-0.014
1,1,359,3.35,-4.41,-0.00,0.26,0.24,-0.014
1,1,360,3.35,-4.41,-0.00,0.16,-0.08,-0.014
1,1,361,3.35,-4.41,-0.00,0.34,-0.37,-0.014
1,1,362,3.35,-4.41,-0.00,0.18,0.06,-0.014
1,1,363,3.35,-4.41,-0.00,0.54,0.21,-0.014
1,1,364,3.35,-4.41,-0.00,0.28,0.35,-0.014
1,1,365,3.35,-4.41,-0.00,0.13,0.31,-0.014
1,1,366,3.35,-4.41,-0.00,0.34,0.01,-0.014
1,1,367,3.35,-4.41,-0.00,0.11,-0.51,-0.014
1,1,368,3.35,-4.41,-0.00,0.27,-0.16,-0.014
1,1,369,3.35,-4.41,-0.00,0.54,-0.14,-0.014
1,1,370,3.35,-4.41,-0.00,0.14,-0.12,-0.014
1,1,371,3.36,-4.41,-0.00,0.15,-0.13,-0.014
1,1,372,3.35,-4.41,-0.00,0.58,0.35,-0.014
1,1,373,3.35,-4.41,-0.00,0.27,-0.23,-0.014
1,1,374,3.35,-4.41,-0.00,0.23,0.12,-0.014
1,1,375,3.35,-4.41,-0.00,0.41,0.08,-0.014
1,1,376,3.35,-4.41,-0.00,0.09,0.13,-0.014
1,1,377,3.35,-4.41,-0.00,0.19,0.48,-0.014
1,1,378,3.35,-4.41,-0.00,0.30,0.27,-0.014
1,1,379,3.35,-4.41,-0.00,0.18,-0.01,-0.014
1,1,380,3.35,-4.41,-0.00,0.36,-0.12,-0.014
1,1,381,3.35,-4.41,-0.00,0.31,0.56,-0.014
1,1,382,3.35,-4.41,-0.00,0.47,-0.28,-0.014
1,1,383,3.35,-4.41,-0.00,0.07,-0.28,-0.014
1,1,384,3.35,-4.41,-0.00,0.06,0.29,-0.014
1,1,385,3.35,-4.41,-0.00,0.44,0.17,-0.014
1,1,386,3.35,-4.41,-0.00,0.06,0.56,-0.014
1,1,387,3.35,-4.41,-0.00,0.20,0.32,-0.014
1,1,388,3.35,-4.41,-0.00,0.15,0.46,-0.014
1,1,389,3.35,-4.41,-0.00,0.10,0.21,-0.014
1,1,390,3.36,-4.41,-0.00,0.27,0.29,-0.014
1,1,391,3.35,-4.41,-0.00,0.20,0.29,-0.014
1,1,392,3.35,-4.41,-0.00,0.15,0.14,-0.014
1,1,393,3.35,-4.41,-0.00,0.29,0.69,-0.014
1,1,394,3.35,-4.41,-0.00,0.42,-0.61,-0.014
1,1,395,3.35,-4.41,-0.00,0.37,-0.08,-0.014
1,1,396,3.35,-4.41,-0.00,0.25,-0.17,-0.014
1,1,397,3.35,-4.41,-0.00,0.16,-0.00,-0.014
1,1,398,3.35,-4.41,-0.00,0.24,-0.11,-0.014
1,1,399,3.35,-4.41,-0.00,0.60,0.08,-0.014
1,1,400,3.35,-4.41,-0.00,0.12,-0.32,-0.014
1,1,401,3.35,-4.41,-0.00,0.14,0.65,-0.014
1,1,402,3.35,-4.41,-0.00,0.62,-0.78,-0.014
1,1,403,3.35,-4.41,-0.00,0.51,0.28,-0.014
1,1,404,3.35,-4.41,-0.00,0.18,0.71,-0.014
1,1,405,3.35,-4.41,-0.00,0.23,0.50,-0.014
1,1,406,3.35,-4.41,-0.00,0.14,0.07,-0.014
1,1,407,3.35,-4.41,-0.00,0.34,-0.25,-0.014
1,1,408,3.35,-4.41,-0.00,0.10,0.63,-0.014
1,1,409,3.35,-4.41,-0.00,0.18,0.49,-0.014
1,1,410,3.35,-4.41,-0.00,0.29,0.31,-0.014
1,1,411,3.35,-4.41,-0.00,0.53,-0.10,-0.014
1,1,412,3.35,-4.41,-0.00,0.13,0.41,-0.014
1,1,413,3.35,-4.41,-0.00,0.44,0.39,-0.014
1,1,414,3.35,-4.41,-0.00,0.18,0.42,-0.014
1,1,415,3.35,-4.41,-0.00,0.15,0.52,-0.014
1,1,416,3.35,-4.41,-0.00,0.10,0.13,-0.014
1,1,417,3.35,-4.41,-0.00,0.26,-0.25,-0.014
1,1,418,3.35,-4.41,-0.00,0.38,0.18,-0.014
1,1,419,3.35,-4.41,-0.00,0.21,0.69,-0.014
1,1,420,3.35,-4.41,-0.00,0.28,0.42,-0.014
1,1,421,3.35,-4.41,-0.00,0.24,0.45,-0.014
1,1,422,3.35,-4.41,-0.00,0.10,-0.05,-0.014
1,1,423,3.35,-4.41,-0.00,0.16,0.70,-0.014
1,1,424,3.35,-4.41,-0.00,0.25,-0.14,-0.014
1,1,425,3.35,-4.41,-0.00,0.14,-0.63,-0.014
1,1,426,3.35,-4.41,-0.00,0.25,0.53,-0.014
1,1,427,3.35,-4.41,-0.00,0.10,0.47,-0.014
1,1,428,3.35,-4.41,-0.00,0.24,0.33,-0.014
1,1,429,3.35,-4.41,-0.00,0.11,0.46,-0.014
1,1,430,3.35,-4.41,-0.00,0.21,0.71,-0.014
1,1,431,3.35,-4.41,-0.00,0.23,-0.38,-0.014
1,1,432,3.35,-4.41,-0.00,0.39,0.24,-0.014
1,1,433,3.35,-4.41,-0.00,0.23,-0.12,-0.014
1,1,434,3.35,-4.41,-0.00,0.41,0.08,-0.014
1,1,435,3.35,-4.41,-0.00,0.21,0.55,-0.014
1,1,436,3.35,-4.41,-0.00,0.10,-0.24,-0.014
1,1,437,3.35,-4.41,-0.00,0.47,-0.34,-0.014
1,1,438,3.35,-4.41,-0.00,0.26,0.48,-0.014
1,1,439,3.35,-4.41,-0.00,0.17,0.10,-0.014
1,1,440,3.35,-4.41,-0.00,0.13,0.15,-0.014
1,1,441,3.35,-4.41,-0.00,0.33,0.34,-0.014
1,1,442,3.35,-4.41,-0.00,0.14,-0.64,-0.014
1,1,443,3.35,-4.41,-0.00,0.41,-0.09,-0.014
1,1,444,3.35,-4.41,-0.00,0.18,0.19,-0.014
1,1,445,3.35,-4.41,-0.00,0.43,0.73,-0.014
1,1,446,3.35,-4.41,-0.00,0.28,0.58,-0.014
1,1,447,3.35,-4.41,-0.00,0.30,0.76,-0.014
1,1,448,3.35,-4.41,-0.00,0.09,0.27,-0.014
1,1,449,3.35,-4.41,-0.00,0.28,0.31,-0.014
1,1,450,3.35,-4.41,-0.00,0.30,-0.27,-0.014
1,1,451,3.35,-4.41,-0.00,0.40,0.46,-0.014
1,1,452,3.35,-4.41,-0.00,0.08,0.14,-0.014
1,1,453,3.35,-4.41,-0.00,0.38,0.55,-0.014
1,1,454,3.35,-4.41,-0.00,0.43,0.47,-0.014
1,1,455,3.35,-4.41,-0.00,0.50,0.89,-0.014
1,1,456,3.35,-4.41,-0.00,0.21,-0.35,-0.014
1,1,457,3.35,-4.41,-0.00,0.17,-0.47,-0.014
1,1,458,3.35,-4.41,-0.00,0.18,0.06,-0.014
1,1,459,3.35,-4.41,-0.00,0.13,0.54,-0.014
1,1,460,3.35,-4.41,-0.00,0.19,-0.40,-0.014
1,1,461,3.35,-4.41,-0.00,0.12,0.24,-0.014
1,1,462,3.36,-4.41,-0.00,0.28,0.56,-0.014
1,1,463,3.35,-4.41,-0.00,0.42,0.10,-0.014
1,1,464,3.35,-4.41,-0.00,0.19,-0.08,-0.014
1,1,465,3.35,-4.41,-0.00,0.33,0.15,-0.014
1,1,466,3.35,-4.41,-0.00,0.31,-0.20,-0.014
1,1,467,3.35,-4.41,-0.00,0.20,-0.03,-0.014
1,1,468,3.35,-4.41,-0.00,0.30,0.36,-0.014
1,1,469,3.35,-4.41,-0.00,0.13,0.09,-0.014
1,1,470,3.35,-4.41,-0.00,0.28,0.05,-0.014
1,1,471,3.35,-4.41,-0.00,0.27,0.55,-0.014
1,1,472,3.35,-4.41,-0.00,0.52,0.05,-0.014
1,1,473,3.35,-4.41,-0.00,0.21,0.27,-0.014
1,1,474,3.35,-4.41,-0.00,0.27,-0.17,-0.014
1,1,475,3.35,-4.41,-0.00,0.12,0.05,-0.014
1,1,476,3.35,-4.41,-0.00,0.43,0.12,-0.014
1,1,477,3.35,-4.41,-0.00,0.41,-0.19,-0.014
1,1,478,3.35,-4.41,-0.00,0.31,-0.13,-0.014
1,1,479,3.35,-4.41,-0.00,0.18,-0.01,-0.014
1,1,480,3.35,-4.41,-0.00,0.09,0.06,-0.014
1,1,481,3.35,-4.41,-0.00,0.20,0.05,-0.014
1,1,482,3.35,-4.41,-0.00,0.50,0.48,-0.014
1,1,483,3.35,-4.41,-0.00,0.50,0.49,-0.014
1,1,484,3.35,-4.41,-0.00,0.30,0.69,-0.014
1,1,485,3.35,-4.41,-0.00,0.19,0.41,-0.014
1,1,486,3.35,-4.41,-0.00,0.40,-0.54,-0.014
1,1,487,3.35,-4.41,-0.00,0.14,0.12,-0.014
1,1,488,3.35,-4.41,-0.00,0.21,-0.53,-0.014
1,1,489,3.35,-4.41,-0.00,0.43,-0.28,-0.014
1,1,490,3.35,-4.41,-0.00,0.53,-0.15,-0.014
1,1,491,3.35,-4.41,-0.00,0.12,0.20,-0.014
1,1,492,3.35,-4.41,-0.00,0.28,0.31,-0.014
1,1,493,3.35,-4.41,-0.00,0.07,0.33,-0.014
1,1,494,3.35,-4.41,-0.00,0.32,0.83,-0.014
1,1,495,3.35,-4.41,-0.00,0.39,0.26,-0.014
1,1,496,3.35,-4.41,-0.00,0.40,0.00,-0.014
1,1,497,3.35,-4.41,-0.00,0.28,0.22,-0.014
1,1,498,3.35,-4.41,-0.00,0.27,-0.51,-0.014
1,1,499,3.35,-4.41,-0.00,0.18,0.59,-0.014
1,1,500,3.35,-4.41,-0.00,0.40,0.04,-0.014
1,1,501,3.35,-4.41,-0.00,0.28,0.01,-0.014
1,1,502,3.35,-4.41,-0.00,0.15,-0.24,-0.014
1,1,503,3.35,-4.41,-0.00,0.42,0.33,-0.014
1,1,504,3.35,-4.41,-0.00,0.23,-0.14,-0.014
1,1,505,3.35,-4.41,-0.00,0.26,0.03,-0.014
1,1,506,3.35,-4.41,-0.00,0.16,-0.34,-0.014
1,1,507,3.35,-4.41,-0.00,0.10,-0.14,-0.014
1,1,508,3.35,-4.41,-0.00,0.21,-0.03,-0.014
1,1,509,3.35,-4.41,-0.00,0.20,0.30,-0.014
1,1,510,3.35,-4.41,-0.00,0.22,0.11,-0.014
1,1,511,3.35,-4.41,-0.00,0.25,0.06,-0.014
1,1,512,3.35,-4.41,-0.00,0.51,0.11,-0.014
1,1,513,3.35,-4.41,-0.00,0.17,0.52,-0.014
1,1,514,3.35,-4.41,-0.00,0.17,-0.13,-0.014
1,1,515,3.35,-4.41,-0.00,0.20,-0.05,-0.014
1,1,516,3.35,-4.41,-0.00,0.35,0.77,-0.014
1,1,517,3.35,-4.41,-0.00,0.40,-0.26,-0.014
1,1,518,3.35,-4.41,-0.00,0.15,0.35,-0.014
1,1,519,3.35,-4.41,-0.00,0.14,-0.07,-0.014
1,1,520,3.35,-4.41,-0.00,0.09,0.27,-0.014
1,1,521,3.35,-4.41,-0.00,0.19,0.71,-0.014
1,1,522,3.35,-4.41,-0.00,0.14,0.28,-0.014
1,1,523,3.35,-4.41,-0.00,0.47,-0.15,-0.014
1,1,524,3.35,-4.41,-0.00,0.28,0.36,-0.014
1,1,525,3.35,-4.41,-0.00,0.36,0.58,-0.014
1,1,526,3.35,-4.41,-0.00,0.23,0.17,-0.014
1,1,527,3.35,-4.41,-0.00,0.24,-0.29,-0.014
1,1,528,3.35,-4.41,-0.00,0.20,0.32,-0.014
1,1,529,3.35,-4.41,-0.00,0.36,0.74,-0.014
1,1,530,3.35,-4.41,-0.00,0.53,0.31,-0.014
1,1,531,3.35,-4.41,-0.00,0.26,0.05,-0.014
1,1,532,3.35,-4.41,-0.00,0.44,-0.41,-0.014
1,1,533,3.35,-4.41,-0.00,0.59,0.24,-0.014
1,1,534,3.35,-4.41,-0.00,0.36,0.14,-0.014
1,1,535,3.35,-4.41,-0.00,0.23,-0.42,-0.014
1,1,536,3.35,-4.41,-0.00,0.55,-0.36,-0.014
1,1,537,3.35,-4.41,-0.00,0.16,0.47,-0.014
1,1,538,3.35,-4.41,-0.00,0.32,0.38,-0.014
1,1,539,3.35,-4.41,-0.00,0.33,-0.15,-0.014
1,1,540,3.35,-4.41,-0.00,0.44,-0.16,-0.014
1,1,541,3.35,-4.41,-0.00,0.35,0.69,-0.014
1,1,542,3.35,-4.41,-0.00,0.37,-0.50,-0.014
1,1,543,3.35,-4.41,-0.00,0.23,0.20,-0.014
1,1,544,3.35,-4.41,-0.00,0.38,0.24,-0.014
1,1,545,3.35,-4.41,-0.00,0.34,-0.03,-0.014
1,1,546,3.35,-4.41,-0.00,0.25,0.19,-0.014
1,1,547,3.35,-4.41,-0.00,0.40,-0.03,-0.014
1,1,548,3.35,-4.41,-0.00,0.20,-0.24,-0.014
1,1,549,3.35,-4.41,-0.00,0.32,-0.22,-0.014
1,1,550,3.35,-4.41,-0.00,0.25,0.21,-0.014
1,1,551,3.35,-4.41,-0.00,0.41,-0.06,-0.014
1,1,552,3.35,-4.41,-0.00,0.17,0.44,-0.014
1,1,553,3.35,-4.41,-0.00,0.26,0.14,-0.014
1,1,554,3.35,-4.41,-0.00,0.29,-0.16,-0.014
1,1,555,3.35,-4.41,-0.00,0.43,-0.12,-0.014
1,1,556,3.35,-4.41,-0.00,0.36,-0.65,-0.014
1,1,557,3.35,-4.41,-0.00,0.42,0.38,-0.014
1,1,558,3.35,-4.41,-0.00,0.54,-0.06,-0.014
1,1,559,3.35,-4.41,-0.00,0.49,0.25,-0.014
1,1,560,3.35,-4.41,-0.00,0.05,0.37,-0.014
1,1,561,3.35,-4.41,-0.00,0.25,0.33,-0.014
1,1,562,3.35,-4.41,-0.00,0.32,-0.30,-0.014
1,1,563,3.36,-4.41,-0.00,0.15,-0.05,-0.014
1,1,564,3.35,-4.41,-0.00,0.04,0.51,-0.014
1,1,565,3.35,-4.41,-0.00,0.05,0.18,-0.014
1,1,566,3.35,-4.41,-0.00,0.20,0.02,-0.014
1,1,567,3.35,-4.41,-0.00,0.18,0.62,-0.014
1,1,568,3.35,-4.41,-0.00,0.24,0.11,-0.014
1,1,569,3.35,-4.41,-0.00,0.11,0.21,-0.014
1,1,570,3.35,-4.41,-0.00,0.25,0.37,-0.014
1,1,571,3.35,-4.41,-0.00,0.07,0.22,-0.014
1,1,572,3.35,-4.41,-0.00,0.11,-0.65,-0.014
1,1,573,3.35,-4.41,-0.00,0.11,0.60,-0.014
1,1,574,3.35,-4.41,-0.00,0.23,0.51,-0.014
1,1,575,3.35,-4.41,-0.00,0.29,0.24,-6.014
1,2,576,12.05,4.47,-0.20,0.03,0.10,-0.021
1,2,577,12.04,4.47,-0.39,0.10,-0.51,-0.021
1,2,578,12.03,4.47,-0.58,0.08,-0.22,-0.021
1,2,579,12.01,4.47,-0.77,0.08,0.02,-0.021
1,2,580,11.99,4.47,-0.97,0.11,-0.18,-0.021
1,2,581,11.97,4.47,-1.16,0.19,-0.84,-0.021
1,2,582,11.94,4.47,-1.34,0.09,-0.13,-0.021
1,2,583,11.91,4.47,-1.54,0.06,0.22,-0.021
1,2,584,11.88,4.47,-1.73,0.08,-0.53,-0.021
1,2,585,11.84,4.47,-1.92,0.10,-0.52,-0.021
1,2,586,11.79,4.47,-2.11,0.06,-0.36,-0.022
1,2,587,11.75,4.47,-2.31,0.26,-0.68,-0.022
1,2,588,11.70,4.47,-2.49,0.05,-0.53,-0.022
1,2,589,11.65,4.47,-2.68,0.02,-0.23,-0.022
1,2,590,11.59,4.47,-2.88,0.13,-0.59,-0.022
1,2,591,11.53,4.47,-3.07,0.10,-0.40,-0.022
1,2,592,11.46,4.47,-3.26,0.07,-0.09,-0.022
1,2,593,11.39,4.47,-3.45,0.30,-0.48,-0.022
1,2,594,11.32,4.47,-3.63,0.13,-0.75,-0.022
1,2,595,11.24,4.47,-3.82,0.08,-0.73,-0.022
1,2,596,11.16,4.47,-4.01,0.17,-0.41,-0.022
1,2,597,11.08,4.47,-4.20,0.23,-0.73,-0.022
1,2,598,10.99,4.47,-4.39,0.08,-0.70,-0.022
1,2,599,10.90,4.47,-4.58,0.10,-0.58,-0.023
1,2,600,10.80,4.47,-4.77,0.07,0.17,-0.023
1,2,601,10.70,4.47,-4.96,0.12,-0.44,-0.023
1,2,602,10.60,4.47,-5.15,0.24,-0.60,-0.023
1,2,603,10.49,4.47,-5.34,0.06,-0.73,-0.023
1,2,604,10.38,4.47,-5.53,0.02,-0.69,-0.023
1,2,605,10.27,4.47,-5.73,0.23,0.12,-0.023
1,2,606,10.15,4.47,-5.91,0.16,-0.47,-0.023
1,2,607,10.03,4.47,-6.10,0.20,-0.78,-0.023
1,2,608,9.90,4.47,-6.29,0.27,-0.74,-0.023
1,2,609,9.77,4.47,-6.47,0.11,-0.22,-0.023
1,2,610,9.64,4.47,-6.66,0.11,-0.12,-0.024
1,2,611,9.50,4.47,-6.85,0.09,-0.59,-0.024
1,2,612,9.36,4.47,-7.04,0.20,-0.22,-0.024
1,2,613,9.22,4.47,-7.23,0.08,-0.44,-0.024
1,2,614,9.07,4.47,-7.42,0.30,-0.03,-0.024
1,2,615,8.92,4.47,-7.60,0.32,-0.03,-0.024
1,2,616,8.76,4.47,-7.78,0.10,-0.77,-0.024
1,2,617,8.60,4.47,-7.97,0.16,-0.75,-0.025
1,2,618,8.44,4.47,-8.16,0.05,-0.77,-0.025
1,2,619,8.27,4.47,-8.35,0.15,-0.04,-0.025
1,2,620,8.10,4.47,-8.54,0.26,-0.17,-0.025
1,2,621,7.93,4.47,-8.73,0.11,-0.63,-0.025
1,2,622,7.75,4.47,-8.92,0.21,-0.36,-0.025
1,2,623,7.57,4.47,-9.10,0.32,0.03,-0.026
1,2,624,7.38,4.46,-9.28,0.29,0.42,-0.026
1,2,625,7.19,4.46,-9.47,0.58,-0.71,-0.026
1,2,626,7.00,4.46,-9.63,0.22,-0.42,-0.026
1,2,627,6.80,4.46,-9.82,0.19,-0.16,-0.027
1,2,628,6.60,4.46,-10.00,0.22,-0.43,-0.027
1,2,629,6.40,4.46,-10.19,0.19,0.10,-0.027
1,2,630,6.19,4.46,-10.38,0.22,0.17,-0.028
1,2,631,5.98,4.46,-10.56,0.12,-0.34,-0.028
1,2,632,5.76,4.46,-10.75,0.54,-0.27,-0.028
1,2,633,5.54,4.46,-10.92,0.29,0.14,-0.029
1,2,634,5.32,4.46,-11.10,0.22,-0.66,-0.029
1,2,635,5.10,4.46,-11.29,0.26,0.19,-0.030
1,2,636,4.87,4.46,-11.47,0.61,0.09,-0.030
1,2,637,4.63,4.46,-11.64,0.10,0.26,-0.031
1,2,638,4.40,4.46,-11.83,0.19,0.02,-0.031
1,2,639,4.16,4.46,-12.02,0.38,0.54,-0.032
1,2,640,3.91,4.46,-12.19,0.23,-0.24,-0.033
1,2,641,3.67,4.46,-12.38,0.13,0.33,-0.020
1,2,642,3.56,4.46,0.11,0.48,-0.01,-0.020
1,2,643,3.56,4.46,0.02,0.33,-0.22,-0.020
1,2,644,3.56,4.46,0.02,0.26,-0.41,-0.020
1,2,645,3.56,4.46,0.01,0.66,-0.53,-0.019
1,2,646,3.56,4.46,0.01,0.27,-0.80,-0.019
1,2,647,3.56,4.46,-0.00,0.32,-0.77,-0.020
1,2,648,3.56,4.46,-0.01,0.20,-0.57,-0.020
1,2,649,3.56,4.46,-0.02,0.29,-0.68,-0.020
1,2,650,3.56,4.46,-0.03,0.61,-0.41,-0.020
1,2,651,3.56,4.46,-0.04,0.69,-0.18,-0.020
1,2,652,3.56,4.46,-0.05,0.05,-0.67,-0.020
1,2,653,3.55,4.46,-0.06,0.14,-0.35,-0.020
1,2,654,3.55,4.46,-0.07,0.22,0.13,-0.020
1,2,655,3.55,4.46,-0.08,0.22,-0.47,-0.021
1,2,656,3.55,4.46,-0.09,0.19,-0.20,-0.021
1,2,657,3.55,4.46,-0.10,0.64,-0.46,-0.021
1,2,658,3.55,4.47,-0.11,0.49,-0.35,-0.021
1,2,659,3.54,4.47,-0.12,0.19,-0.55,-0.021
1,2,660,3.54,4.47,-0.14,0.35,-0.23,-0.021
1,2,661,3.54,4.47,-0.15,0.64,-0.74,-0.021
1,2,662,3.53,4.47,-0.16,0.25,-0.27,-0.022
1,2,663,3.53,4.48,-0.17,0.18,-0.08,-0.022
1,2,664,3.53,4.48,-0.19,0.21,-0.16,-0.022
1,2,665,3.52,4.48,-0.20,0.49,-0.28,-0.022
1,2,666,3.52,4.48,-0.22,0.49,-0.84,-0.022
1,2,667,3.51,4.49,-0.23,0.67,-0.86,-0.023
1,2,668,3.51,4.49,-0.25,0.31,0.04,-0.023
1,2,669,3.50,4.49,-0.26,0.45,-0.66,-0.023
1,2,670,3.50,4.50,-0.28,0.21,-0.68,-0.023
1,2,671,3.49,4.50,-0.30,0.27,-0.22,-0.024
1,2,672,3.49,4.50,-0.32,0.33,-0.63,-0.024
1,2,673,3.48,4.51,-0.34,0.73,-0.66,-0.024
1,2,674,3.47,4.51,-0.36,0.38,-0.22,-0.024
1,2,675,3.47,4.51,-0.38,0.41,-0.07,-0.024
1,2,676,3.46,4.52,-0.41,0.21,-0.39,-0.025
1,2,677,3.45,4.52,-0.43,0.26,-0.39,-0.025
1,2,678,3.44,4.53,-0.46,0.30,-0.10,-0.025
1,2,679,3.43,4.53,-0.49,0.66,-0.49,-0.026
1,2,680,3.42,4.54,-0.52,0.50,-0.36,-0.026
1,2,681,3.41,4.54,-0.55,0.42,0.47,-0.026
1,2,682,3.40,4.55,-0.58,0.46,-0.55,-0.026
1,2,683,3.39,4.55,-0.61,0.12,-0.13,-0.027
1,2,684,3.37,4.56,-0.65,0.45,-0.40,-0.027
1,2,685,3.36,4.56,-0.63,0.40,-0.37,-0.025
1,2,686,3.36,4.56,0.46,0.36,-0.37,-0.025
1,2,687,3.37,4.57,0.50,0.66,-0.00,-0.025
1,2,688,3.38,4.57,0.50,0.37,-0.62,-0.025
1,2,689,3.39,4.57,0.46,0.41,-0.14,-0.025
1,2,690,3.40,4.57,0.43,0.41,-0.55,-0.025
1,2,691,3.41,4.57,0.40,0.24,-0.08,-0.025
1,2,692,3.41,4.57,0.37,0.57,-0.50,-0.025
1,2,693,3.42,4.58,0.34,0.47,0.25,-0.025
1,2,694,3.43,4.58,0.32,0.34,-0.32,-0.025
1,2,695,3.43,4.58,0.29,0.59,0.13,-0.025
1,2,696,3.44,4.58,0.27,0.30,-0.26,-0.024
1,2,697,3.44,4.58,0.24,0.43,-0.74,-0.024
1,2,698,3.45,4.58,0.22,0.21,-0.71,-0.024
1,2,699,3.45,4.58,0.20,0.42,0.25,-0.024
1,2,700,3.45,4.58,0.18,0.47,-0.57,-0.024
1,2,701,3.46,4.58,0.16,0.28,-0.50,-0.024
1,2,702,3.46,4.57,0.14,0.43,0.09,-0.024
1,2,703,3.46,4.57,0.12,0.12,-0.54,-0.024
1,2,704,3.46,4.57,0.10,0.14,-0.59,-0.024
1,2,705,3.47,4.57,0.08,0.42,-0.33,-0.023
1,2,706,3.47,4.57,0.06,0.40,-0.17,-0.023
1,2,707,3.47,4.57,0.04,0.23,-0.03,-0.023
1,2,708,3.47,4.56,0.03,0.62,-0.36,-0.023
1,2,709,3.47,4.56,0.01,0.21,-0.47,-0.023
1,2,710,3.47,4.56,-0.01,0.47,-0.08,-0.023
1,2,711,3.47,4.56,-0.02,0.41,-0.46,-0.023
1,2,712,3.47,4.56,-0.04,0.32,-0.29,-0.023
1,2,713,3.47,4.56,-0.06,0.27,0.07,-0.023
1,2,714,3.46,4.56,-0.07,0.43,-0.47,-0.024
1,2,715,3.46,4.56,-0.09,0.24,-0.65,-0.024
1,2,716,3.46,4.55,-0.11,0.15,-0.68,-0.024
1,2,717,3.46,4.55,-0.13,0.54,-0.46,-0.024
1,2,718,3.45,4.55,-0.15,0.24,-0.78,-0.024
1,2,719,3.45,4.55,-0.17,0.45,-0.41,-0.024
1,2,720,3.45,4.55,-0.19,0.41,-0.76,-0.024
1,2,721,3.44,4.55,-0.22,0.37,-0.53,-0.025
1,2,722,3.44,4.56,-0.24,0.55,-0.70,-0.025
1,2,723,3.43,4.56,-0.26,0.35,-0.10,-0.025
1,2,724,3.43,4.56,-0.29,0.32,-0.54,-0.025
1,2,725,3.42,4.56,-0.31,0.12,-0.45,-0.025
1,2,726,3.41,4.56,-0.34,0.40,-0.69,-0.025
1,2,727,3.41,4.56,-0.36,0.34,-0.57,-0.025
1,2,728,3.40,4.56,-0.38,0.26,0.11,-0.025
1,2,729,3.39,4.56,-0.41,0.29,0.06,-0.026
1,2,730,3.38,4.56,-0.44,0.42,-0.47,-0.026
1,2,731,3.37,4.56,-0.48,0.32,-0.19,-0.026
1,2,732,3.36,4.57,-0.52,0.18,-0.53,-0.025
1,2,733,3.36,4.56,-0.17,0.39,-0.91,-0.024
1,2,734,3.36,4.56,0.26,0.25,-0.16,-0.024
1,2,735,3.37,4.56,0.34,0.24,-0.52,-0.024
1,2,736,3.38,4.56,0.30,0.17,-0.23,-0.023
1,2,737,3.38,4.56,0.27,0.32,-0.23,-0.023
1,2,738,3.39,4.55,0.25,0.66,-0.32,-0.023
1,2,739,3.39,4.55,0.23,0.13,-0.27,-0.023
1,2,740,3.40,4.55,0.20,0.33,-0.56,-0.023
1,2,741,3.40,4.55,0.18,0.33,-0.66,-0.022
1,2,742,3.40,4.55,0.15,0.24,-0.49,-0.022
1,2,743,3.40,4.54,0.13,0.44,-0.54,-0.022
1,2,744,3.41,4.54,0.11,0.14,-0.54,-0.022
1,2,745,3.41,4.54,0.08,0.19,-0.24,-0.022
1,2,746,3.41,4.54,0.06,0.37,-0.67,-0.021
1,2,747,3.41,4.54,0.04,0.23,-0.13,-0.021
1,2,748,3.41,4.54,0.01,0.35,-0.24,-0.021
1,2,749,3.41,4.54,-0.01,0.55,0.19,-0.021
1,2,750,3.41,4.54,-0.03,0.25,-0.66,-0.022
1,2,751,3.41,4.54,-0.05,0.25,-0.79,-0.022
1,2,752,3.41,4.54,-0.08,0.42,-0.39,-0.022
1,2,753,3.40,4.54,-0.10,0.35,-0.15,-0.022
1,2,754,3.40,4.54,-0.12,0.42,-0.18,-0.022
1,2,755,3.40,4.54,-0.14,0.11,-0.77,-0.023
1,2,756,3.40,4.54,-0.16,0.10,-0.42,-0.023
1,2,757,3.39,4.54,-0.19,0.46,-0.13,-0.023
1,2,758,3.39,4.55,-0.21,0.17,-0.23,-0.023
1,2,759,3.38,4.55,-0.24,0.60,0.28,-0.024
1,2,760,3.38,4.55,-0.27,0.78,-0.41,-0.024
1,2,761,3.37,4.55,-0.29,0.41,-0.43,-0.024
1,2,762,3.37,4.55,-0.32,0.32,-0.01,-0.024
1,2,763,3.36,4.56,-0.34,0.20,-0.59,-0.024
1,2,764,3.36,4.56,-0.12,0.49,-0.05,-0.023
1,2,765,3.36,4.56,0.17,0.38,-0.89,-0.023
1,2,766,3.36,4.56,0.20,0.27,-0.30,-0.023
1,2,767,3.37,4.57,0.16,0.38,-0.35,-0.023
1,2,768,3.37,4.57,0.13,0.58,0.13,-0.023
1,2,769,3.37,4.57,0.10,0.32,0.40,-0.022
1,2,770,3.37,4.57,0.08,0.52,-0.63,-0.022
1,2,771,3.37,4.57,0.05,0.35,-0.95,-0.022
1,2,772,3.38,4.58,0.03,0.13,-0.50,-0.022
1,2,773,3.38,4.58,-0.00,0.38,-0.06,-0.022
1,2,774,3.37,4.58,-0.03,0.21,-0.04,-0.022
1,2,775,3.37,4.58,-0.05,0.21,-0.54,-0.023
1,2,776,3.37,4.58,-0.09,0.14,-0.49,-0.023
1,2,777,3.37,4.58,-0.11,0.48,-0.23,-0.023
1,2,778,3.37,4.58,-0.14,0.24,-0.66,-0.023
1,2,779,3.36,4.58,-0.14,0.53,0.10,-0.023
1,2,780,3.36,4.57,-0.10,0.33,-0.52,-0.023
1,2,781,3.36,4.57,-0.12,0.35,-0.04,-0.023
1,2,782,3.36,4.56,-0.09,0.26,-0.49,-0.023
1,2,783,3.36,4.56,0.01,0.19,0.13,-0.022
1,2,784,3.36,4.55,0.07,0.36,0.01,-0.022
1,2,785,3.36,4.55,0.06,0.37,-0.43,-0.022
1,2,786,3.36,4.54,0.05,0.67,-0.29,-0.022
1,2,787,3.36,4.54,0.04,0.39,-0.56,-0.022
1,2,788,3.36,4.54,0.02,0.22,-0.43,-0.022
1,2,789,3.36,4.54,0.01,0.28,0.06,-0.022
1,2,790,3.36,4.54,-0.01,0.71,-0.70,-0.022
1,2,791,3.36,4.54,-0.02,0.22,-0.50,-0.022
1,2,792,3.36,4.55,-0.04,0.48,-0.25,-0.022
1,2,793,3.36,4.55,-0.06,0.22,-0.66,-0.022
1,2,794,3.36,4.55,-0.08,0.26,-0.38,-0.023
1,2,795,3.36,4.56,-0.10,0.41,-0.69,-0.022
1,2,796,3.36,4.56,-0.06,0.67,-0.22,-0.022
1,2,797,3.36,4.56,0.04,0.05,-0.75,-0.022
1,2,798,3.36,4.56,0.04,0.54,-0.31,-0.022
1,2,799,3.36,4.56,0.02,0.27,-0.32,-0.022
1,2,800,3.36,4.56,-0.00,0.32,-0.19,-0.022
1,2,801,3.36,4.56,-0.02,0.42,-0.27,-0.022
1,2,802,3.36,4.56,-0.04,0.13,-0.36,-0.022
1,2,803,3.36,4.56,-0.04,0.38,-0.64,-0.022
1,2,804,3.36,4.56,-0.01,0.51,-0.57,-0.022
1,2,805,3.36,4.56,0.00,0.46,-0.10,-0.022
1,2,806,3.36,4.56,-0.00,0.14,-0.42,-0.022
1,2,807,3.36,4.56,-0.01,0.41,-0.32,-0.022
1,2,808,3.36,4.56,-0.01,0.36,-0.18,-0.022
1,2,809,3.35,4.56,-0.01,0.48,-0.71,-0.022
1,2,810,3.35,4.56,-0.00,0.09,-0.28,-0.022
1,2,811,3.35,4.56,-0.00,0.50,-0.72,-0.022
1,2,812,3.35,4.56,-0.00,0.16,-0.66,-0.022
1,2,813,3.35,4.56,-0.00,0.13,0.12,-0.022
1,2,814,3.36,4.56,-0.00,0.26,-0.51,-0.022
1,2,815,3.36,4.56,-0.00,0.34,-0.79,-0.022
1,2,816,3.36,4.56,-0.00,0.37,-0.59,-0.022
1,2,817,3.36,4.56,-0.00,0.16,-0.37,-0.022
1,2,818,3.36,4.56,-0.00,0.59,-0.32,-0.022
1,2,819,3.36,4.56,-0.00,0.63,-0.29,-0.022
1,2,820,3.35,4.56,-0.00,0.18,0.10,-0.022
1,2,821,3.35,4.56,-0.00,0.47,-0.59,-0.022
1,2,822,3.36,4.56,-0.00,0.38,-0.25,-0.022
1,2,823,3.36,4.56,-0.00,0.19,-0.72,-0.022
1,2,824,3.36,4.56,-0.00,0.33,-0.33,-0.022
1,2,825,3.36,4.56,-0.00,0.29,-0.29,-0.022
1,2,826,3.36,4.56,-0.00,0.38,-0.38,-0.022
1,2,827,3.36,4.56,-0.00,0.48,-0.70,-0.022
1,2,828,3.36,4.56,-0.00,0.21,-0.61,-0.022
1,2,829,3.36,4.56,-0.00,0.34,-0.31,-0.022
1,2,830,3.36,4.56,-0.00,0.33,-0.55,-0.022
1,2,831,3.36,4.56,-0.00,0.38,-0.61,-0.022
1,2,832,3.36,4.56,-0.00,0.39,-0.45,-0.022
1,2,833,3.36,4.56,-0.00,0.13,-0.91,-0.022
1,2,834,3.36,4.56,-0.00,0.47,-0.32,-0.022
1,2,835,3.36,4.56,-0.00,0.16,-0.47,-0.022
1,2,836,3.36,4.56,-0.00,0.42,-0.26,-0.022
1,2,837,3.36,4.56,-0.00,0.31,-0.40,-0.022
1,2,838,3.36,4.56,-0.00,0.40,-0.47,-0.022
1,2,839,3.36,4.56,-0.00,0.23,-0.51,-0.022
1,2,840,3.36,4.56,-0.00,0.13,-0.15,-0.022
1,2,841,3.36,4.56,-0.00,0.49,-0.31,-0.022
1,2,842,3.36,4.56,-0.00,0.42,0.16,-0.022
1,2,843,3.36,4.56,-0.00,0.36,-0.78,-0.022
1,2,844,3.36,4.56,-0.00,0.32,-0.45,-0.022
1,2,845,3.36,4.56,-0.00,0.15,-0.63,-0.022
1,2,846,3.36,4.56,-0.00,0.20,-0.68,-0.022
1,2,847,3.36,4.56,-0.00,0.70,-0.69,-0.022
1,2,848,3.36,4.56,-0.00,0.52,-0.06,-0.022
1,2,849,3.36,4.56,-0.00,0.47,0.14,-0.022
1,2,850,3.36,4.56,-0.00,0.70,-0.79,-0.022
1,2,851,3.36,4.56,-0.00,0.53,-0.54,-0.022
1,2,852,3.36,4.56,-0.00,0.49,-0.27,-0.022
1,2,853,3.36,4.56,-0.00,0.15,-0.00,-0.022
1,2,854,3.36,4.56,-0.00,0.20,-0.47,-0.022
1,2,855,3.36,4.56,-0.00,0.25,-0.71,-0.022
1,2,856,3.36,4.56,-0.00,0.46,0.08,-0.022
1,2,857,3.36,4.56,-0.00,0.10,-0.44,-0.022
1,2,858,3.36,4.56,-0.00,0.34,-0.59,-0.022
1,2,859,3.36,4.56,-0.00,0.22,-0.55,-0.022
1,2,860,3.36,4.56,-0.00,0.14,-0.69,-0.022
1,2,861,3.36,4.56,-0.00,0.27,-0.58,-0.022
1,2,862,3.36,4.56,-0.00,0.22,-0.33,-0.022
1,2,863,3.36,4.56,-0.00,0.14,-0.54,-0.022
1,2,864,3.36,4.56,-0.00,0.08,-0.37,-0.022
1,2,865,3.36,4.56,-0.00,0.37,-0.50,-0.022
1,2,866,3.36,4.56,-0.00,0.19,0.18,-0.022
1,2,867,3.36,4.56,-0.00,0.50,-0.07,-0.022
1,2,868,3.36,4.56,-0.00,0.33,0.16,-0.022
1,2,869,3.36,4.56,-0.00,0.64,0.15,-0.022
1,2,870,3.36,4.56,-0.00,0.40,-0.00,-0.022
1,2,871,3.36,4.56,-0.00,0.20,-0.71,-0.022
1,2,872,3.36,4.56,-0.00,0.35,-0.66,-0.022
1,2,873,3.36,4.56,-0.00,0.16,-0.80,-0.022
1,2,874,3.36,4.56,-0.00,0.28,-0.45,-0.022
1,2,875,3.36,4.56,-0.00,0.32,-0.49,-0.022
1,2,876,3.36,4.56,-0.00,0.15,-0.35,-0.022
1,2,877,3.36,4.56,-0.00,0.29,-0.49,-0.022
1,2,878,3.36,4.56,-0.00,0.14,-0.27,-0.022
1,2,879,3.36,4.56,-0.00,0.29,-0.48,-0.022
1,2,880,3.36,4.56,-0.00,0.32,0.10,-0.022
1,2,881,3.36,4.56,-0.00,0.60,-0.65,-0.022
1,2,882,3.36,4.56,-0.00,0.60,-0.52,-0.022
1,2,883,3.36,4.56,-0.00,0.67,-0.49,-0.022
1,2,884,3.36,4.56,-0.00,0.32,-0.86,-0.022
1,2,885,3.36,4.56,-0.00,0.24,-0.44,-0.022
1,2,886,3.36,4.56,-0.00,0.29,-0.73,-0.022
1,2,887,3.36,4.56,-0.00,0.29,-0.24,-0.022
1,2,888,3.36,4.56,-0.00,0.48,-0.62,-0.022
1,2,889,3.36,4.56,-0.00,0.20,-0.45,-0.022
1,2,890,3.36,4.56,-0.00,0.69,-0.65,-0.022
1,2,891,3.36,4.56,-0.00,0.24,-0.53,-0.022
1,2,892,3.36,4.56,-0.00,0.11,-0.41,-0.022
1,2,893,3.36,4.56,-0.00,0.06,-0.39,-0.022
1,2,894,3.36,4.56,-0.00,0.46,-0.51,-0.022
1,2,895,3.36,4.56,-0.00,0.43,-0.67,-0.022
1,2,896,3.36,4.56,-0.00,0.21,-0.41,-0.022
1,2,897,3.36,4.56,-0.00,0.51,0.06,-0.022
1,2,898,3.36,4.56,-0.00,0.12,-0.65,-0.022
1,2,899,3.36,4.56,-0.00,0.68,-0.10,-0.022
1,2,900,3.36,4.56,-0.00,0.34,-0.12,-0.022
1,2,901,3.36,4.56,-0.00,0.61,-0.69,-0.022
1,2,902,3.36,4.56,-0.00,0.41,-0.42,-0.022
1,2,903,3.36,4.56,-0.00,0.24,-0.07,-0.022
1,2,904,3.36,4.56,-0.00,0.26,-0.65,-0.022
1,2,905,3.36,4.56,-0.00,0.52,-0.64,-0.022
1,2,906,3.36,4.56,-0.00,0.31,-0.41,-0.022
1,2,907,3.36,4.56,-0.00,0.27,-0.11,-0.022
1,2,908,3.36,4.56,-0.00,0.21,-0.62,-0.022
1,2,909,3.36,4.56,-0.00,0.61,-0.27,-0.022
1,2,910,3.36,4.56,-0.00,0.51,-0.63,-0.022
1,2,911,3.36,4.56,-0.00,0.50,-0.60,-0.022
1,2,912,3.36,4.56,-0.00,0.20,-0.65,-0.022
1,2,913,3.36,4.56,-0.00,0.25,-0.84,-0.022
1,2,914,3.36,4.56,-0.00,0.58,-0.62,-0.022
1,2,915,3.36,4.56,-0.00,0.56,-0.72,-0.022
1,2,916,3.36,4.56,-0.00,0.37,0.11,-0.022
1,2,917,3.36,4.56,-0.00,0.20,-0.69,-0.022
1,2,918,3.36,4.56,-0.00,0.38,-0.46,-0.022
1,2,919,3.36,4.56,-0.00,0.48,-0.77,-0.022
1,2,920,3.36,4.56,-0.00,0.29,-0.31,-0.022
1,2,921,3.36,4.56,-0.00,0.29,0.06,-0.022
1,2,922,3.36,4.56,-0.00,0.56,-0.81,-0.022
1,2,923,3.36,4.56,-0.00,0.23,0.23,-0.022
1,2,924,3.36,4.56,-0.00,0.35,-0.53,-0.022
1,2,925,3.36,4.56,-0.00,0.27,-0.22,-0.022
